image_file_name,image_file_path,json_file_path
20181204T100004-File-8,D:/Annotation Stuff/MLFigs_Labeled_Oct_26_Chris/20181204T100004-File-8.png,D:/Annotation Stuff/MLFigs_Labeled_Oct_26_Chris/20181204T100004-File-8.json
20181204T113004-File-16,D:/Annotation Stuff/MLFigs_Labeled_Oct_26_Chris/20181204T113004-File-16.png,D:/Annotation Stuff/MLFigs_Labeled_Oct_26_Chris/20181204T113004-File-16.json
20181204T113004-File-26,D:/Annotation Stuff/MLFigs_Labeled_Oct_26_Chris/20181204T113004-File-26.png,D:/Annotation Stuff/MLFigs_Labeled_Oct_26_Chris/20181204T113004-File-26.json
20181204T143004-File-10,D:/Annotation Stuff/MLFigs_Labeled_Oct_26_Chris/20181204T143004-File-10.png,D:/Annotation Stuff/MLFigs_Labeled_Oct_26_Chris/20181204T143004-File-10.json
20181205T070004-File-20,D:/Annotation Stuff/MLFigs_Labeled_Oct_26_Chris/20181205T070004-File-20.png,D:/Annotation Stuff/MLFigs_Labeled_Oct_26_Chris/20181205T070004-File-20.json
20181205T070004-File-28,D:/Annotation Stuff/MLFigs_Labeled_Oct_26_Chris/20181205T070004-File-28.png,D:/Annotation Stuff/MLFigs_Labeled_Oct_26_Chris/20181205T070004-File-28.json
20181205T083004-File-0,D:/Annotation Stuff/MLFigs_Labeled_Oct_26_Chris/20181205T083004-File-0.png,D:/Annotation Stuff/MLFigs_Labeled_Oct_26_Chris/20181205T083004-File-0.json
20181205T190004-File-25,D:/Annotation Stuff/MLFigs_Labeled_Oct_26_Chris/20181205T190004-File-25.png,D:/Annotation Stuff/MLFigs_Labeled_Oct_26_Chris/20181205T190004-File-25.json
20181205T233004-File-11,D:/Annotation Stuff/MLFigs_Labeled_Oct_26_Chris/20181205T233004-File-11.png,D:/Annotation Stuff/MLFigs_Labeled_Oct_26_Chris/20181205T233004-File-11.json
20181206T083004-File-4,D:/Annotation Stuff/MLFigs_Labeled_Oct_26_Chris/20181206T083004-File-4.png,D:/Annotation Stuff/MLFigs_Labeled_Oct_26_Chris/20181206T083004-File-4.json
20181206T100004-File-3,D:/Annotation Stuff/MLFigs_Labeled_Oct_26_Chris/20181206T100004-File-3.png,D:/Annotation Stuff/MLFigs_Labeled_Oct_26_Chris/20181206T100004-File-3.json
20181207T070004-File-20,D:/Annotation Stuff/MLFigs_Labeled_Oct_26_Chris/20181207T070004-File-20.png,D:/Annotation Stuff/MLFigs_Labeled_Oct_26_Chris/20181207T070004-File-20.json
20181207T220004-File-16,D:/Annotation Stuff/MLFigs_Labeled_Oct_26_Chris/20181207T220004-File-16.png,D:/Annotation Stuff/MLFigs_Labeled_Oct_26_Chris/20181207T220004-File-16.json
20181207T220004-File-24,D:/Annotation Stuff/MLFigs_Labeled_Oct_26_Chris/20181207T220004-File-24.png,D:/Annotation Stuff/MLFigs_Labeled_Oct_26_Chris/20181207T220004-File-24.json
20181208T010004-File-0,D:/Annotation Stuff/MLFigs_Labeled_Oct_26_Chris/20181208T010004-File-0.png,D:/Annotation Stuff/MLFigs_Labeled_Oct_26_Chris/20181208T010004-File-0.json
20181208T220004-File-14,D:/Annotation Stuff/MLFigs_Labeled_Oct_26_Chris/20181208T220004-File-14.png,D:/Annotation Stuff/MLFigs_Labeled_Oct_26_Chris/20181208T220004-File-14.json
20181209T023004-File-14,D:/Annotation Stuff/MLFigs_Labeled_Oct_26_Chris/20181209T023004-File-14.png,D:/Annotation Stuff/MLFigs_Labeled_Oct_26_Chris/20181209T023004-File-14.json
20181209T023004-File-3,D:/Annotation Stuff/MLFigs_Labeled_Oct_26_Chris/20181209T023004-File-3.png,D:/Annotation Stuff/MLFigs_Labeled_Oct_26_Chris/20181209T023004-File-3.json
20181209T040004-File-21,D:/Annotation Stuff/MLFigs_Labeled_Oct_26_Chris/20181209T040004-File-21.png,D:/Annotation Stuff/MLFigs_Labeled_Oct_26_Chris/20181209T040004-File-21.json
20181209T040004-File-7,D:/Annotation Stuff/MLFigs_Labeled_Oct_26_Chris/20181209T040004-File-7.png,D:/Annotation Stuff/MLFigs_Labeled_Oct_26_Chris/20181209T040004-File-7.json
20181209T053004-File-23,D:/Annotation Stuff/MLFigs_Labeled_Oct_26_Chris/20181209T053004-File-23.png,D:/Annotation Stuff/MLFigs_Labeled_Oct_26_Chris/20181209T053004-File-23.json
20181209T070004-File-6,D:/Annotation Stuff/MLFigs_Labeled_Oct_26_Chris/20181209T070004-File-6.png,D:/Annotation Stuff/MLFigs_Labeled_Oct_26_Chris/20181209T070004-File-6.json
20181209T083004-File-21,D:/Annotation Stuff/MLFigs_Labeled_Oct_26_Chris/20181209T083004-File-21.png,D:/Annotation Stuff/MLFigs_Labeled_Oct_26_Chris/20181209T083004-File-21.json
20181209T143004-File-11,D:/Annotation Stuff/MLFigs_Labeled_Oct_26_Chris/20181209T143004-File-11.png,D:/Annotation Stuff/MLFigs_Labeled_Oct_26_Chris/20181209T143004-File-11.json
20181209T173004-File-12,D:/Annotation Stuff/MLFigs_Labeled_Oct_26_Chris/20181209T173004-File-12.png,D:/Annotation Stuff/MLFigs_Labeled_Oct_26_Chris/20181209T173004-File-12.json
20181211T130004-File-8,D:/Annotation Stuff/MLFigs_Labeled_Oct_26_Chris/20181211T130004-File-8.png,D:/Annotation Stuff/MLFigs_Labeled_Oct_26_Chris/20181211T130004-File-8.json
20181212T100004-File-17,D:/Annotation Stuff/MLFigs_Labeled_Oct_26_Chris/20181212T100004-File-17.png,D:/Annotation Stuff/MLFigs_Labeled_Oct_26_Chris/20181212T100004-File-17.json
20181212T100004-File-27,D:/Annotation Stuff/MLFigs_Labeled_Oct_26_Chris/20181212T100004-File-27.png,D:/Annotation Stuff/MLFigs_Labeled_Oct_26_Chris/20181212T100004-File-27.json
20181213T160004-File-26,D:/Annotation Stuff/MLFigs_Labeled_Oct_26_Chris/20181213T160004-File-26.png,D:/Annotation Stuff/MLFigs_Labeled_Oct_26_Chris/20181213T160004-File-26.json
20181217T113004-File-25,D:/Annotation Stuff/MLFigs_Labeled_Oct_26_Chris/20181217T113004-File-25.png,D:/Annotation Stuff/MLFigs_Labeled_Oct_26_Chris/20181217T113004-File-25.json
20181217T130004-File-18,D:/Annotation Stuff/MLFigs_Labeled_Oct_26_Chris/20181217T130004-File-18.png,D:/Annotation Stuff/MLFigs_Labeled_Oct_26_Chris/20181217T130004-File-18.json
20181217T130004-File-5,D:/Annotation Stuff/MLFigs_Labeled_Oct_26_Chris/20181217T130004-File-5.png,D:/Annotation Stuff/MLFigs_Labeled_Oct_26_Chris/20181217T130004-File-5.json
20181217T190004-File-7,D:/Annotation Stuff/MLFigs_Labeled_Oct_26_Chris/20181217T190004-File-7.png,D:/Annotation Stuff/MLFigs_Labeled_Oct_26_Chris/20181217T190004-File-7.json
20181218T143004-File-11,D:/Annotation Stuff/MLFigs_Labeled_Oct_26_Chris/20181218T143004-File-11.png,D:/Annotation Stuff/MLFigs_Labeled_Oct_26_Chris/20181218T143004-File-11.json
20181218T160004-File-13,D:/Annotation Stuff/MLFigs_Labeled_Oct_26_Chris/20181218T160004-File-13.png,D:/Annotation Stuff/MLFigs_Labeled_Oct_26_Chris/20181218T160004-File-13.json
20181218T160004-File-26,D:/Annotation Stuff/MLFigs_Labeled_Oct_26_Chris/20181218T160004-File-26.png,D:/Annotation Stuff/MLFigs_Labeled_Oct_26_Chris/20181218T160004-File-26.json
20181218T173004-File-12,D:/Annotation Stuff/MLFigs_Labeled_Oct_26_Chris/20181218T173004-File-12.png,D:/Annotation Stuff/MLFigs_Labeled_Oct_26_Chris/20181218T173004-File-12.json
20181218T190004-File-24,D:/Annotation Stuff/MLFigs_Labeled_Oct_26_Chris/20181218T190004-File-24.png,D:/Annotation Stuff/MLFigs_Labeled_Oct_26_Chris/20181218T190004-File-24.json
20181218T233004-File-9,D:/Annotation Stuff/MLFigs_Labeled_Oct_26_Chris/20181218T233004-File-9.png,D:/Annotation Stuff/MLFigs_Labeled_Oct_26_Chris/20181218T233004-File-9.json
20181219T173004-File-12,D:/Annotation Stuff/MLFigs_Labeled_Oct_26_Chris/20181219T173004-File-12.png,D:/Annotation Stuff/MLFigs_Labeled_Oct_26_Chris/20181219T173004-File-12.json
20181219T173004-File-14,D:/Annotation Stuff/MLFigs_Labeled_Oct_26_Chris/20181219T173004-File-14.png,D:/Annotation Stuff/MLFigs_Labeled_Oct_26_Chris/20181219T173004-File-14.json
20181219T190004-File-12,D:/Annotation Stuff/MLFigs_Labeled_Oct_26_Chris/20181219T190004-File-12.png,D:/Annotation Stuff/MLFigs_Labeled_Oct_26_Chris/20181219T190004-File-12.json
20181219T190004-File-15,D:/Annotation Stuff/MLFigs_Labeled_Oct_26_Chris/20181219T190004-File-15.png,D:/Annotation Stuff/MLFigs_Labeled_Oct_26_Chris/20181219T190004-File-15.json
20181219T190004-File-16,D:/Annotation Stuff/MLFigs_Labeled_Oct_26_Chris/20181219T190004-File-16.png,D:/Annotation Stuff/MLFigs_Labeled_Oct_26_Chris/20181219T190004-File-16.json
20181221T113004-File-1,D:/Annotation Stuff/MLFigs_Labeled_Oct_26_Chris/20181221T113004-File-1.png,D:/Annotation Stuff/MLFigs_Labeled_Oct_26_Chris/20181221T113004-File-1.json
20181223T053004-File-16,D:/Annotation Stuff/MLFigs_Labeled_Oct_26_Chris/20181223T053004-File-16.png,D:/Annotation Stuff/MLFigs_Labeled_Oct_26_Chris/20181223T053004-File-16.json
20181224T053004-File-18,D:/Annotation Stuff/MLFigs_Labeled_Oct_26_Chris/20181224T053004-File-18.png,D:/Annotation Stuff/MLFigs_Labeled_Oct_26_Chris/20181224T053004-File-18.json
20181227T083004-File-26,D:/Annotation Stuff/MLFigs_Labeled_Oct_26_Chris/20181227T083004-File-26.png,D:/Annotation Stuff/MLFigs_Labeled_Oct_26_Chris/20181227T083004-File-26.json
20181227T100004-File-0,D:/Annotation Stuff/MLFigs_Labeled_Oct_26_Chris/20181227T100004-File-0.png,D:/Annotation Stuff/MLFigs_Labeled_Oct_26_Chris/20181227T100004-File-0.json
20181227T100004-File-22,D:/Annotation Stuff/MLFigs_Labeled_Oct_26_Chris/20181227T100004-File-22.png,D:/Annotation Stuff/MLFigs_Labeled_Oct_26_Chris/20181227T100004-File-22.json
20181227T100004-File-26,D:/Annotation Stuff/MLFigs_Labeled_Oct_26_Chris/20181227T100004-File-26.png,D:/Annotation Stuff/MLFigs_Labeled_Oct_26_Chris/20181227T100004-File-26.json
20181227T100004-File-6,D:/Annotation Stuff/MLFigs_Labeled_Oct_26_Chris/20181227T100004-File-6.png,D:/Annotation Stuff/MLFigs_Labeled_Oct_26_Chris/20181227T100004-File-6.json
20181227T113004-File-8,D:/Annotation Stuff/MLFigs_Labeled_Oct_26_Chris/20181227T113004-File-8.png,D:/Annotation Stuff/MLFigs_Labeled_Oct_26_Chris/20181227T113004-File-8.json
20181228T100004-File-10,D:/Annotation Stuff/MLFigs_Labeled_Oct_26_Chris/20181228T100004-File-10.png,D:/Annotation Stuff/MLFigs_Labeled_Oct_26_Chris/20181228T100004-File-10.json
20181229T040004-File-17,D:/Annotation Stuff/MLFigs_Labeled_Oct_26_Chris/20181229T040004-File-17.png,D:/Annotation Stuff/MLFigs_Labeled_Oct_26_Chris/20181229T040004-File-17.json
20181229T053004-File-22,D:/Annotation Stuff/MLFigs_Labeled_Oct_26_Chris/20181229T053004-File-22.png,D:/Annotation Stuff/MLFigs_Labeled_Oct_26_Chris/20181229T053004-File-22.json
20181229T130004-File-9,D:/Annotation Stuff/MLFigs_Labeled_Oct_26_Chris/20181229T130004-File-9.png,D:/Annotation Stuff/MLFigs_Labeled_Oct_26_Chris/20181229T130004-File-9.json
20181229T143004-File-9,D:/Annotation Stuff/MLFigs_Labeled_Oct_26_Chris/20181229T143004-File-9.png,D:/Annotation Stuff/MLFigs_Labeled_Oct_26_Chris/20181229T143004-File-9.json
20181231T040004-File-17,D:/Annotation Stuff/MLFigs_Labeled_Oct_26_Chris/20181231T040004-File-17.png,D:/Annotation Stuff/MLFigs_Labeled_Oct_26_Chris/20181231T040004-File-17.json
20181231T070004-File-8,D:/Annotation Stuff/MLFigs_Labeled_Oct_26_Chris/20181231T070004-File-8.png,D:/Annotation Stuff/MLFigs_Labeled_Oct_26_Chris/20181231T070004-File-8.json
20181231T083004-File-6,D:/Annotation Stuff/MLFigs_Labeled_Oct_26_Chris/20181231T083004-File-6.png,D:/Annotation Stuff/MLFigs_Labeled_Oct_26_Chris/20181231T083004-File-6.json
20190104T040004-File-25,D:/Annotation Stuff/MLFigs_Labeled_Oct_26_Chris/20190104T040004-File-25.png,D:/Annotation Stuff/MLFigs_Labeled_Oct_26_Chris/20190104T040004-File-25.json
20190104T130004-File-26,D:/Annotation Stuff/MLFigs_Labeled_Oct_26_Chris/20190104T130004-File-26.png,D:/Annotation Stuff/MLFigs_Labeled_Oct_26_Chris/20190104T130004-File-26.json
20190105T100004-File-13,D:/Annotation Stuff/MLFigs_Labeled_Oct_26_Chris/20190105T100004-File-13.png,D:/Annotation Stuff/MLFigs_Labeled_Oct_26_Chris/20190105T100004-File-13.json
20190105T113004-File-5,D:/Annotation Stuff/MLFigs_Labeled_Oct_26_Chris/20190105T113004-File-5.png,D:/Annotation Stuff/MLFigs_Labeled_Oct_26_Chris/20190105T113004-File-5.json
20190105T130004-File-6,D:/Annotation Stuff/MLFigs_Labeled_Oct_26_Chris/20190105T130004-File-6.png,D:/Annotation Stuff/MLFigs_Labeled_Oct_26_Chris/20190105T130004-File-6.json
20190105T173004-File-27,D:/Annotation Stuff/MLFigs_Labeled_Oct_26_Chris/20190105T173004-File-27.png,D:/Annotation Stuff/MLFigs_Labeled_Oct_26_Chris/20190105T173004-File-27.json
20190106T113004-File-12,D:/Annotation Stuff/MLFigs_Labeled_Oct_26_Chris/20190106T113004-File-12.png,D:/Annotation Stuff/MLFigs_Labeled_Oct_26_Chris/20190106T113004-File-12.json
20190108T053004-File-14,D:/Annotation Stuff/MLFigs_Labeled_Oct_26_Chris/20190108T053004-File-14.png,D:/Annotation Stuff/MLFigs_Labeled_Oct_26_Chris/20190108T053004-File-14.json
20190108T053004-File-17,D:/Annotation Stuff/MLFigs_Labeled_Oct_26_Chris/20190108T053004-File-17.png,D:/Annotation Stuff/MLFigs_Labeled_Oct_26_Chris/20190108T053004-File-17.json
20190108T100004-File-16,D:/Annotation Stuff/MLFigs_Labeled_Oct_26_Chris/20190108T100004-File-16.png,D:/Annotation Stuff/MLFigs_Labeled_Oct_26_Chris/20190108T100004-File-16.json
20190108T190004-File-10,D:/Annotation Stuff/MLFigs_Labeled_Oct_26_Chris/20190108T190004-File-10.png,D:/Annotation Stuff/MLFigs_Labeled_Oct_26_Chris/20190108T190004-File-10.json
20190109T010004-File-1,D:/Annotation Stuff/MLFigs_Labeled_Oct_26_Chris/20190109T010004-File-1.png,D:/Annotation Stuff/MLFigs_Labeled_Oct_26_Chris/20190109T010004-File-1.json
20190109T010004-File-24,D:/Annotation Stuff/MLFigs_Labeled_Oct_26_Chris/20190109T010004-File-24.png,D:/Annotation Stuff/MLFigs_Labeled_Oct_26_Chris/20190109T010004-File-24.json
20190109T070004-File-29,D:/Annotation Stuff/MLFigs_Labeled_Oct_26_Chris/20190109T070004-File-29.png,D:/Annotation Stuff/MLFigs_Labeled_Oct_26_Chris/20190109T070004-File-29.json
20190109T083004-File-27,D:/Annotation Stuff/MLFigs_Labeled_Oct_26_Chris/20190109T083004-File-27.png,D:/Annotation Stuff/MLFigs_Labeled_Oct_26_Chris/20190109T083004-File-27.json
20190109T160004-File-5,D:/Annotation Stuff/MLFigs_Labeled_Oct_26_Chris/20190109T160004-File-5.png,D:/Annotation Stuff/MLFigs_Labeled_Oct_26_Chris/20190109T160004-File-5.json
20190109T190004-File-5,D:/Annotation Stuff/MLFigs_Labeled_Oct_26_Chris/20190109T190004-File-5.png,D:/Annotation Stuff/MLFigs_Labeled_Oct_26_Chris/20190109T190004-File-5.json
20190110T040004-File-14,D:/Annotation Stuff/MLFigs_Labeled_Oct_26_Chris/20190110T040004-File-14.png,D:/Annotation Stuff/MLFigs_Labeled_Oct_26_Chris/20190110T040004-File-14.json
20190110T053004-File-18,D:/Annotation Stuff/MLFigs_Labeled_Oct_26_Chris/20190110T053004-File-18.png,D:/Annotation Stuff/MLFigs_Labeled_Oct_26_Chris/20190110T053004-File-18.json
20190110T070004-File-12,D:/Annotation Stuff/MLFigs_Labeled_Oct_26_Chris/20190110T070004-File-12.png,D:/Annotation Stuff/MLFigs_Labeled_Oct_26_Chris/20190110T070004-File-12.json
20190110T130004-File-4,D:/Annotation Stuff/MLFigs_Labeled_Oct_26_Chris/20190110T130004-File-4.png,D:/Annotation Stuff/MLFigs_Labeled_Oct_26_Chris/20190110T130004-File-4.json
20190110T143004-File-19,D:/Annotation Stuff/MLFigs_Labeled_Oct_26_Chris/20190110T143004-File-19.png,D:/Annotation Stuff/MLFigs_Labeled_Oct_26_Chris/20190110T143004-File-19.json
20190110T160004-File-23,D:/Annotation Stuff/MLFigs_Labeled_Oct_26_Chris/20190110T160004-File-23.png,D:/Annotation Stuff/MLFigs_Labeled_Oct_26_Chris/20190110T160004-File-23.json
20190110T173004-File-17,D:/Annotation Stuff/MLFigs_Labeled_Oct_26_Chris/20190110T173004-File-17.png,D:/Annotation Stuff/MLFigs_Labeled_Oct_26_Chris/20190110T173004-File-17.json
20190112T040004-File-14,D:/Annotation Stuff/MLFigs_Labeled_Oct_26_Chris/20190112T040004-File-14.png,D:/Annotation Stuff/MLFigs_Labeled_Oct_26_Chris/20190112T040004-File-14.json
20190112T203004-File-20,D:/Annotation Stuff/MLFigs_Labeled_Oct_26_Chris/20190112T203004-File-20.png,D:/Annotation Stuff/MLFigs_Labeled_Oct_26_Chris/20190112T203004-File-20.json
20190113T113004-File-25,D:/Annotation Stuff/MLFigs_Labeled_Oct_26_Chris/20190113T113004-File-25.png,D:/Annotation Stuff/MLFigs_Labeled_Oct_26_Chris/20190113T113004-File-25.json
20190114T173004-File-22,D:/Annotation Stuff/MLFigs_Labeled_Oct_26_Chris/20190114T173004-File-22.png,D:/Annotation Stuff/MLFigs_Labeled_Oct_26_Chris/20190114T173004-File-22.json
20190114T203004-File-17,D:/Annotation Stuff/MLFigs_Labeled_Oct_26_Chris/20190114T203004-File-17.png,D:/Annotation Stuff/MLFigs_Labeled_Oct_26_Chris/20190114T203004-File-17.json
20190115T203004-File-23,D:/Annotation Stuff/MLFigs_Labeled_Oct_26_Chris/20190115T203004-File-23.png,D:/Annotation Stuff/MLFigs_Labeled_Oct_26_Chris/20190115T203004-File-23.json
20190116T143004-File-0,D:/Annotation Stuff/MLFigs_Labeled_Oct_26_Chris/20190116T143004-File-0.png,D:/Annotation Stuff/MLFigs_Labeled_Oct_26_Chris/20190116T143004-File-0.json
20190116T160004-File-25,D:/Annotation Stuff/MLFigs_Labeled_Oct_26_Chris/20190116T160004-File-25.png,D:/Annotation Stuff/MLFigs_Labeled_Oct_26_Chris/20190116T160004-File-25.json
20190116T173004-File-26,D:/Annotation Stuff/MLFigs_Labeled_Oct_26_Chris/20190116T173004-File-26.png,D:/Annotation Stuff/MLFigs_Labeled_Oct_26_Chris/20190116T173004-File-26.json
20190116T190004-File-15,D:/Annotation Stuff/MLFigs_Labeled_Oct_26_Chris/20190116T190004-File-15.png,D:/Annotation Stuff/MLFigs_Labeled_Oct_26_Chris/20190116T190004-File-15.json
20190116T233004-File-15,D:/Annotation Stuff/MLFigs_Labeled_Oct_26_Chris/20190116T233004-File-15.png,D:/Annotation Stuff/MLFigs_Labeled_Oct_26_Chris/20190116T233004-File-15.json
20190117T053004-File-10,D:/Annotation Stuff/MLFigs_Labeled_Oct_26_Chris/20190117T053004-File-10.png,D:/Annotation Stuff/MLFigs_Labeled_Oct_26_Chris/20190117T053004-File-10.json
20190117T070004-File-29,D:/Annotation Stuff/MLFigs_Labeled_Oct_26_Chris/20190117T070004-File-29.png,D:/Annotation Stuff/MLFigs_Labeled_Oct_26_Chris/20190117T070004-File-29.json
20190117T220004-File-21,D:/Annotation Stuff/MLFigs_Labeled_Oct_26_Chris/20190117T220004-File-21.png,D:/Annotation Stuff/MLFigs_Labeled_Oct_26_Chris/20190117T220004-File-21.json
20190117T233004-File-19,D:/Annotation Stuff/MLFigs_Labeled_Oct_26_Chris/20190117T233004-File-19.png,D:/Annotation Stuff/MLFigs_Labeled_Oct_26_Chris/20190117T233004-File-19.json
20190118T040004-File-24,D:/Annotation Stuff/MLFigs_Labeled_Oct_26_Chris/20190118T040004-File-24.png,D:/Annotation Stuff/MLFigs_Labeled_Oct_26_Chris/20190118T040004-File-24.json
20190119T010004-File-21,D:/Annotation Stuff/MLFigs_Labeled_Oct_26_Chris/20190119T010004-File-21.png,D:/Annotation Stuff/MLFigs_Labeled_Oct_26_Chris/20190119T010004-File-21.json
20190121T053004-File-23,D:/Annotation Stuff/MLFigs_Labeled_Oct_26_Chris/20190121T053004-File-23.png,D:/Annotation Stuff/MLFigs_Labeled_Oct_26_Chris/20190121T053004-File-23.json
20190121T130004-File-28,D:/Annotation Stuff/MLFigs_Labeled_Oct_26_Chris/20190121T130004-File-28.png,D:/Annotation Stuff/MLFigs_Labeled_Oct_26_Chris/20190121T130004-File-28.json
20190121T190004-File-8,D:/Annotation Stuff/MLFigs_Labeled_Oct_26_Chris/20190121T190004-File-8.png,D:/Annotation Stuff/MLFigs_Labeled_Oct_26_Chris/20190121T190004-File-8.json
20190122T053004-File-17,D:/Annotation Stuff/MLFigs_Labeled_Oct_26_Chris/20190122T053004-File-17.png,D:/Annotation Stuff/MLFigs_Labeled_Oct_26_Chris/20190122T053004-File-17.json
20190122T100004-File-18,D:/Annotation Stuff/MLFigs_Labeled_Oct_26_Chris/20190122T100004-File-18.png,D:/Annotation Stuff/MLFigs_Labeled_Oct_26_Chris/20190122T100004-File-18.json
20190122T130004-File-3,D:/Annotation Stuff/MLFigs_Labeled_Oct_26_Chris/20190122T130004-File-3.png,D:/Annotation Stuff/MLFigs_Labeled_Oct_26_Chris/20190122T130004-File-3.json
20190122T203004-File-14,D:/Annotation Stuff/MLFigs_Labeled_Oct_26_Chris/20190122T203004-File-14.png,D:/Annotation Stuff/MLFigs_Labeled_Oct_26_Chris/20190122T203004-File-14.json
20190123T040004-File-3,D:/Annotation Stuff/MLFigs_Labeled_Oct_26_Chris/20190123T040004-File-3.png,D:/Annotation Stuff/MLFigs_Labeled_Oct_26_Chris/20190123T040004-File-3.json
20190124T070004-File-22,D:/Annotation Stuff/MLFigs_Labeled_Oct_26_Chris/20190124T070004-File-22.png,D:/Annotation Stuff/MLFigs_Labeled_Oct_26_Chris/20190124T070004-File-22.json
20190126T143004-File-5,D:/Annotation Stuff/MLFigs_Labeled_Oct_26_Chris/20190126T143004-File-5.png,D:/Annotation Stuff/MLFigs_Labeled_Oct_26_Chris/20190126T143004-File-5.json
20190126T203004-File-9,D:/Annotation Stuff/MLFigs_Labeled_Oct_26_Chris/20190126T203004-File-9.png,D:/Annotation Stuff/MLFigs_Labeled_Oct_26_Chris/20190126T203004-File-9.json
20190128T143004-File-1,D:/Annotation Stuff/MLFigs_Labeled_Oct_26_Chris/20190128T143004-File-1.png,D:/Annotation Stuff/MLFigs_Labeled_Oct_26_Chris/20190128T143004-File-1.json
20190128T160004-File-5,D:/Annotation Stuff/MLFigs_Labeled_Oct_26_Chris/20190128T160004-File-5.png,D:/Annotation Stuff/MLFigs_Labeled_Oct_26_Chris/20190128T160004-File-5.json
20190129T070004-File-27,D:/Annotation Stuff/MLFigs_Labeled_Oct_26_Chris/20190129T070004-File-27.png,D:/Annotation Stuff/MLFigs_Labeled_Oct_26_Chris/20190129T070004-File-27.json
20190129T113004-File-2,D:/Annotation Stuff/MLFigs_Labeled_Oct_26_Chris/20190129T113004-File-2.png,D:/Annotation Stuff/MLFigs_Labeled_Oct_26_Chris/20190129T113004-File-2.json
20190129T173004-File-12,D:/Annotation Stuff/MLFigs_Labeled_Oct_26_Chris/20190129T173004-File-12.png,D:/Annotation Stuff/MLFigs_Labeled_Oct_26_Chris/20190129T173004-File-12.json
20190131T053004-File-18,D:/Annotation Stuff/MLFigs_Labeled_Oct_26_Chris/20190131T053004-File-18.png,D:/Annotation Stuff/MLFigs_Labeled_Oct_26_Chris/20190131T053004-File-18.json
20190131T053004-File-19,D:/Annotation Stuff/MLFigs_Labeled_Oct_26_Chris/20190131T053004-File-19.png,D:/Annotation Stuff/MLFigs_Labeled_Oct_26_Chris/20190131T053004-File-19.json
20190131T070004-File-7,D:/Annotation Stuff/MLFigs_Labeled_Oct_26_Chris/20190131T070004-File-7.png,D:/Annotation Stuff/MLFigs_Labeled_Oct_26_Chris/20190131T070004-File-7.json
20190131T100004-File-7,D:/Annotation Stuff/MLFigs_Labeled_Oct_26_Chris/20190131T100004-File-7.png,D:/Annotation Stuff/MLFigs_Labeled_Oct_26_Chris/20190131T100004-File-7.json
20190131T160004-File-16,D:/Annotation Stuff/MLFigs_Labeled_Oct_26_Chris/20190131T160004-File-16.png,D:/Annotation Stuff/MLFigs_Labeled_Oct_26_Chris/20190131T160004-File-16.json
20190131T173004-File-27,D:/Annotation Stuff/MLFigs_Labeled_Oct_26_Chris/20190131T173004-File-27.png,D:/Annotation Stuff/MLFigs_Labeled_Oct_26_Chris/20190131T173004-File-27.json
20190131T220004-File-25,D:/Annotation Stuff/MLFigs_Labeled_Oct_26_Chris/20190131T220004-File-25.png,D:/Annotation Stuff/MLFigs_Labeled_Oct_26_Chris/20190131T220004-File-25.json
20190131T233004-File-2,D:/Annotation Stuff/MLFigs_Labeled_Oct_26_Chris/20190131T233004-File-2.png,D:/Annotation Stuff/MLFigs_Labeled_Oct_26_Chris/20190131T233004-File-2.json
20190201T143004-File-28,D:/Annotation Stuff/MLFigs_Labeled_Oct_26_Chris/20190201T143004-File-28.png,D:/Annotation Stuff/MLFigs_Labeled_Oct_26_Chris/20190201T143004-File-28.json
20190203T190004-File-25,D:/Annotation Stuff/MLFigs_Labeled_Oct_26_Chris/20190203T190004-File-25.png,D:/Annotation Stuff/MLFigs_Labeled_Oct_26_Chris/20190203T190004-File-25.json
20190204T010004-File-10,D:/Annotation Stuff/MLFigs_Labeled_Oct_26_Chris/20190204T010004-File-10.png,D:/Annotation Stuff/MLFigs_Labeled_Oct_26_Chris/20190204T010004-File-10.json
20190207T203004-File-26,D:/Annotation Stuff/MLFigs_Labeled_Oct_26_Chris/20190207T203004-File-26.png,D:/Annotation Stuff/MLFigs_Labeled_Oct_26_Chris/20190207T203004-File-26.json
20190209T173004-File-11,D:/Annotation Stuff/MLFigs_Labeled_Oct_26_Chris/20190209T173004-File-11.png,D:/Annotation Stuff/MLFigs_Labeled_Oct_26_Chris/20190209T173004-File-11.json
20190210T040004-File-4,D:/Annotation Stuff/MLFigs_Labeled_Oct_26_Chris/20190210T040004-File-4.png,D:/Annotation Stuff/MLFigs_Labeled_Oct_26_Chris/20190210T040004-File-4.json
20190210T053004-File-26,D:/Annotation Stuff/MLFigs_Labeled_Oct_26_Chris/20190210T053004-File-26.png,D:/Annotation Stuff/MLFigs_Labeled_Oct_26_Chris/20190210T053004-File-26.json
20190212T023004-File-17,D:/Annotation Stuff/MLFigs_Labeled_Oct_26_Chris/20190212T023004-File-17.png,D:/Annotation Stuff/MLFigs_Labeled_Oct_26_Chris/20190212T023004-File-17.json
20190213T040004-File-17,D:/Annotation Stuff/MLFigs_Labeled_Oct_26_Chris/20190213T040004-File-17.png,D:/Annotation Stuff/MLFigs_Labeled_Oct_26_Chris/20190213T040004-File-17.json
20190215T220004-File-25,D:/Annotation Stuff/MLFigs_Labeled_Oct_26_Chris/20190215T220004-File-25.png,D:/Annotation Stuff/MLFigs_Labeled_Oct_26_Chris/20190215T220004-File-25.json
20190220T100004-File-24,D:/Annotation Stuff/MLFigs_Labeled_Oct_26_Chris/20190220T100004-File-24.png,D:/Annotation Stuff/MLFigs_Labeled_Oct_26_Chris/20190220T100004-File-24.json
20190220T100004-File-26,D:/Annotation Stuff/MLFigs_Labeled_Oct_26_Chris/20190220T100004-File-26.png,D:/Annotation Stuff/MLFigs_Labeled_Oct_26_Chris/20190220T100004-File-26.json
20190220T143004-File-2,D:/Annotation Stuff/MLFigs_Labeled_Oct_26_Chris/20190220T143004-File-2.png,D:/Annotation Stuff/MLFigs_Labeled_Oct_26_Chris/20190220T143004-File-2.json
20190221T083004-File-3,D:/Annotation Stuff/MLFigs_Labeled_Oct_26_Chris/20190221T083004-File-3.png,D:/Annotation Stuff/MLFigs_Labeled_Oct_26_Chris/20190221T083004-File-3.json
20190221T100004-File-10,D:/Annotation Stuff/MLFigs_Labeled_Oct_26_Chris/20190221T100004-File-10.png,D:/Annotation Stuff/MLFigs_Labeled_Oct_26_Chris/20190221T100004-File-10.json
20190221T100004-File-13,D:/Annotation Stuff/MLFigs_Labeled_Oct_26_Chris/20190221T100004-File-13.png,D:/Annotation Stuff/MLFigs_Labeled_Oct_26_Chris/20190221T100004-File-13.json
20190221T100004-File-15,D:/Annotation Stuff/MLFigs_Labeled_Oct_26_Chris/20190221T100004-File-15.png,D:/Annotation Stuff/MLFigs_Labeled_Oct_26_Chris/20190221T100004-File-15.json
20190221T100004-File-17,D:/Annotation Stuff/MLFigs_Labeled_Oct_26_Chris/20190221T100004-File-17.png,D:/Annotation Stuff/MLFigs_Labeled_Oct_26_Chris/20190221T100004-File-17.json
20190221T100004-File-20,D:/Annotation Stuff/MLFigs_Labeled_Oct_26_Chris/20190221T100004-File-20.png,D:/Annotation Stuff/MLFigs_Labeled_Oct_26_Chris/20190221T100004-File-20.json
20190221T100004-File-3,D:/Annotation Stuff/MLFigs_Labeled_Oct_26_Chris/20190221T100004-File-3.png,D:/Annotation Stuff/MLFigs_Labeled_Oct_26_Chris/20190221T100004-File-3.json
20190221T130004-File-22,D:/Annotation Stuff/MLFigs_Labeled_Oct_26_Chris/20190221T130004-File-22.png,D:/Annotation Stuff/MLFigs_Labeled_Oct_26_Chris/20190221T130004-File-22.json
20190221T143004-File-1,D:/Annotation Stuff/MLFigs_Labeled_Oct_26_Chris/20190221T143004-File-1.png,D:/Annotation Stuff/MLFigs_Labeled_Oct_26_Chris/20190221T143004-File-1.json
20190222T070004-File-24,D:/Annotation Stuff/MLFigs_Labeled_Oct_26_Chris/20190222T070004-File-24.png,D:/Annotation Stuff/MLFigs_Labeled_Oct_26_Chris/20190222T070004-File-24.json
20190222T083004-File-15,D:/Annotation Stuff/MLFigs_Labeled_Oct_26_Chris/20190222T083004-File-15.png,D:/Annotation Stuff/MLFigs_Labeled_Oct_26_Chris/20190222T083004-File-15.json
20190222T083004-File-2,D:/Annotation Stuff/MLFigs_Labeled_Oct_26_Chris/20190222T083004-File-2.png,D:/Annotation Stuff/MLFigs_Labeled_Oct_26_Chris/20190222T083004-File-2.json
20190222T100004-File-19,D:/Annotation Stuff/MLFigs_Labeled_Oct_26_Chris/20190222T100004-File-19.png,D:/Annotation Stuff/MLFigs_Labeled_Oct_26_Chris/20190222T100004-File-19.json
20190222T113004-File-28,D:/Annotation Stuff/MLFigs_Labeled_Oct_26_Chris/20190222T113004-File-28.png,D:/Annotation Stuff/MLFigs_Labeled_Oct_26_Chris/20190222T113004-File-28.json
20190222T190004-File-28,D:/Annotation Stuff/MLFigs_Labeled_Oct_26_Chris/20190222T190004-File-28.png,D:/Annotation Stuff/MLFigs_Labeled_Oct_26_Chris/20190222T190004-File-28.json
20190223T083004-File-12,D:/Annotation Stuff/MLFigs_Labeled_Oct_26_Chris/20190223T083004-File-12.png,D:/Annotation Stuff/MLFigs_Labeled_Oct_26_Chris/20190223T083004-File-12.json
20190223T083004-File-18,D:/Annotation Stuff/MLFigs_Labeled_Oct_26_Chris/20190223T083004-File-18.png,D:/Annotation Stuff/MLFigs_Labeled_Oct_26_Chris/20190223T083004-File-18.json
20181204T100004-File-1,D:/Annotation Stuff/MLFigsLabeled_Nov_03/20181204T100004-File-1.png,D:/Annotation Stuff/MLFigsLabeled_Nov_03/20181204T100004-File-1.json
20181204T113004-File-2,D:/Annotation Stuff/MLFigsLabeled_Nov_03/20181204T113004-File-2.png,D:/Annotation Stuff/MLFigsLabeled_Nov_03/20181204T113004-File-2.json
20181204T113004-File-25,D:/Annotation Stuff/MLFigsLabeled_Nov_03/20181204T113004-File-25.png,D:/Annotation Stuff/MLFigsLabeled_Nov_03/20181204T113004-File-25.json
20181204T203004-File-10,D:/Annotation Stuff/MLFigsLabeled_Nov_03/20181204T203004-File-10.png,D:/Annotation Stuff/MLFigsLabeled_Nov_03/20181204T203004-File-10.json
20181204T203004-File-2,D:/Annotation Stuff/MLFigsLabeled_Nov_03/20181204T203004-File-2.png,D:/Annotation Stuff/MLFigsLabeled_Nov_03/20181204T203004-File-2.json
20181205T040004-File-12,D:/Annotation Stuff/MLFigsLabeled_Nov_03/20181205T040004-File-12.png,D:/Annotation Stuff/MLFigsLabeled_Nov_03/20181205T040004-File-12.json
20181205T040004-File-21,D:/Annotation Stuff/MLFigsLabeled_Nov_03/20181205T040004-File-21.png,D:/Annotation Stuff/MLFigsLabeled_Nov_03/20181205T040004-File-21.json
20181205T040004-File-5,D:/Annotation Stuff/MLFigsLabeled_Nov_03/20181205T040004-File-5.png,D:/Annotation Stuff/MLFigsLabeled_Nov_03/20181205T040004-File-5.json
20181205T053004-File-28,D:/Annotation Stuff/MLFigsLabeled_Nov_03/20181205T053004-File-28.png,D:/Annotation Stuff/MLFigsLabeled_Nov_03/20181205T053004-File-28.json
20181205T070004-File-5,D:/Annotation Stuff/MLFigsLabeled_Nov_03/20181205T070004-File-5.png,D:/Annotation Stuff/MLFigsLabeled_Nov_03/20181205T070004-File-5.json
20181205T113004-File-17,D:/Annotation Stuff/MLFigsLabeled_Nov_03/20181205T113004-File-17.png,D:/Annotation Stuff/MLFigsLabeled_Nov_03/20181205T113004-File-17.json
20181205T190004-File-14,D:/Annotation Stuff/MLFigsLabeled_Nov_03/20181205T190004-File-14.png,D:/Annotation Stuff/MLFigsLabeled_Nov_03/20181205T190004-File-14.json
20181205T190004-File-20,D:/Annotation Stuff/MLFigsLabeled_Nov_03/20181205T190004-File-20.png,D:/Annotation Stuff/MLFigsLabeled_Nov_03/20181205T190004-File-20.json
20181205T190004-File-4,D:/Annotation Stuff/MLFigsLabeled_Nov_03/20181205T190004-File-4.png,D:/Annotation Stuff/MLFigsLabeled_Nov_03/20181205T190004-File-4.json
20181205T203004-File-22,D:/Annotation Stuff/MLFigsLabeled_Nov_03/20181205T203004-File-22.png,D:/Annotation Stuff/MLFigsLabeled_Nov_03/20181205T203004-File-22.json
20181205T220004-File-4,D:/Annotation Stuff/MLFigsLabeled_Nov_03/20181205T220004-File-4.png,D:/Annotation Stuff/MLFigsLabeled_Nov_03/20181205T220004-File-4.json
20181206T010004-File-0,D:/Annotation Stuff/MLFigsLabeled_Nov_03/20181206T010004-File-0.png,D:/Annotation Stuff/MLFigsLabeled_Nov_03/20181206T010004-File-0.json
20181206T100004-File-18,D:/Annotation Stuff/MLFigsLabeled_Nov_03/20181206T100004-File-18.png,D:/Annotation Stuff/MLFigsLabeled_Nov_03/20181206T100004-File-18.json
20181206T113004-File-2,D:/Annotation Stuff/MLFigsLabeled_Nov_03/20181206T113004-File-2.png,D:/Annotation Stuff/MLFigsLabeled_Nov_03/20181206T113004-File-2.json
20181206T113004-File-3,D:/Annotation Stuff/MLFigsLabeled_Nov_03/20181206T113004-File-3.png,D:/Annotation Stuff/MLFigsLabeled_Nov_03/20181206T113004-File-3.json
20181206T130004-File-26,D:/Annotation Stuff/MLFigsLabeled_Nov_03/20181206T130004-File-26.png,D:/Annotation Stuff/MLFigsLabeled_Nov_03/20181206T130004-File-26.json
20181206T203004-File-4,D:/Annotation Stuff/MLFigsLabeled_Nov_03/20181206T203004-File-4.png,D:/Annotation Stuff/MLFigsLabeled_Nov_03/20181206T203004-File-4.json
20181207T040004-File-4,D:/Annotation Stuff/MLFigsLabeled_Nov_03/20181207T040004-File-4.png,D:/Annotation Stuff/MLFigsLabeled_Nov_03/20181207T040004-File-4.json
20181207T100004-File-24,D:/Annotation Stuff/MLFigsLabeled_Nov_03/20181207T100004-File-24.png,D:/Annotation Stuff/MLFigsLabeled_Nov_03/20181207T100004-File-24.json
20181207T143004-File-12,D:/Annotation Stuff/MLFigsLabeled_Nov_03/20181207T143004-File-12.png,D:/Annotation Stuff/MLFigsLabeled_Nov_03/20181207T143004-File-12.json
20181207T203004-File-17,D:/Annotation Stuff/MLFigsLabeled_Nov_03/20181207T203004-File-17.png,D:/Annotation Stuff/MLFigsLabeled_Nov_03/20181207T203004-File-17.json
20181207T220004-File-8,D:/Annotation Stuff/MLFigsLabeled_Nov_03/20181207T220004-File-8.png,D:/Annotation Stuff/MLFigsLabeled_Nov_03/20181207T220004-File-8.json
20181208T113004-File-28,D:/Annotation Stuff/MLFigsLabeled_Nov_03/20181208T113004-File-28.png,D:/Annotation Stuff/MLFigsLabeled_Nov_03/20181208T113004-File-28.json
20181208T130004-File-25,D:/Annotation Stuff/MLFigsLabeled_Nov_03/20181208T130004-File-25.png,D:/Annotation Stuff/MLFigsLabeled_Nov_03/20181208T130004-File-25.json
20181208T143004-File-4,D:/Annotation Stuff/MLFigsLabeled_Nov_03/20181208T143004-File-4.png,D:/Annotation Stuff/MLFigsLabeled_Nov_03/20181208T143004-File-4.json
20181208T233004-File-18,D:/Annotation Stuff/MLFigsLabeled_Nov_03/20181208T233004-File-18.png,D:/Annotation Stuff/MLFigsLabeled_Nov_03/20181208T233004-File-18.json
20181209T040004-File-24,D:/Annotation Stuff/MLFigsLabeled_Nov_03/20181209T040004-File-24.png,D:/Annotation Stuff/MLFigsLabeled_Nov_03/20181209T040004-File-24.json
20181209T053004-File-18,D:/Annotation Stuff/MLFigsLabeled_Nov_03/20181209T053004-File-18.png,D:/Annotation Stuff/MLFigsLabeled_Nov_03/20181209T053004-File-18.json
20181209T083004-File-26,D:/Annotation Stuff/MLFigsLabeled_Nov_03/20181209T083004-File-26.png,D:/Annotation Stuff/MLFigsLabeled_Nov_03/20181209T083004-File-26.json
20181209T130004-File-0,D:/Annotation Stuff/MLFigsLabeled_Nov_03/20181209T130004-File-0.png,D:/Annotation Stuff/MLFigsLabeled_Nov_03/20181209T130004-File-0.json
20181209T233004-File-29,D:/Annotation Stuff/MLFigsLabeled_Nov_03/20181209T233004-File-29.png,D:/Annotation Stuff/MLFigsLabeled_Nov_03/20181209T233004-File-29.json
20181210T100004-File-18,D:/Annotation Stuff/MLFigsLabeled_Nov_03/20181210T100004-File-18.png,D:/Annotation Stuff/MLFigsLabeled_Nov_03/20181210T100004-File-18.json
20181210T130004-File-25,D:/Annotation Stuff/MLFigsLabeled_Nov_03/20181210T130004-File-25.png,D:/Annotation Stuff/MLFigsLabeled_Nov_03/20181210T130004-File-25.json
20181211T053004-File-12,D:/Annotation Stuff/MLFigsLabeled_Nov_03/20181211T053004-File-12.png,D:/Annotation Stuff/MLFigsLabeled_Nov_03/20181211T053004-File-12.json
20181215T070004-File-22,D:/Annotation Stuff/MLFigsLabeled_Nov_03/20181215T070004-File-22.png,D:/Annotation Stuff/MLFigsLabeled_Nov_03/20181215T070004-File-22.json
20181217T130004-File-0,D:/Annotation Stuff/MLFigsLabeled_Nov_03/20181217T130004-File-0.png,D:/Annotation Stuff/MLFigsLabeled_Nov_03/20181217T130004-File-0.json
20181221T100004-File-10,D:/Annotation Stuff/MLFigsLabeled_Nov_03/20181221T100004-File-10.png,D:/Annotation Stuff/MLFigsLabeled_Nov_03/20181221T100004-File-10.json
20181221T130004-File-11,D:/Annotation Stuff/MLFigsLabeled_Nov_03/20181221T130004-File-11.png,D:/Annotation Stuff/MLFigsLabeled_Nov_03/20181221T130004-File-11.json
20181221T173004-File-13,D:/Annotation Stuff/MLFigsLabeled_Nov_03/20181221T173004-File-13.png,D:/Annotation Stuff/MLFigsLabeled_Nov_03/20181221T173004-File-13.json
20181223T053004-File-6,D:/Annotation Stuff/MLFigsLabeled_Nov_03/20181223T053004-File-6.png,D:/Annotation Stuff/MLFigsLabeled_Nov_03/20181223T053004-File-6.json
20181223T203004-File-18,D:/Annotation Stuff/MLFigsLabeled_Nov_03/20181223T203004-File-18.png,D:/Annotation Stuff/MLFigsLabeled_Nov_03/20181223T203004-File-18.json
20181223T233004-File-15,D:/Annotation Stuff/MLFigsLabeled_Nov_03/20181223T233004-File-15.png,D:/Annotation Stuff/MLFigsLabeled_Nov_03/20181223T233004-File-15.json
20181225T010004-File-23,D:/Annotation Stuff/MLFigsLabeled_Nov_03/20181225T010004-File-23.png,D:/Annotation Stuff/MLFigsLabeled_Nov_03/20181225T010004-File-23.json
20190111T023004-File-3,D:/Annotation Stuff/MLFigsLabeled_Nov_03/20190111T023004-File-3.png,D:/Annotation Stuff/MLFigsLabeled_Nov_03/20190111T023004-File-3.json
20190112T053004-File-5,D:/Annotation Stuff/MLFigsLabeled_Nov_03/20190112T053004-File-5.png,D:/Annotation Stuff/MLFigsLabeled_Nov_03/20190112T053004-File-5.json
20190113T113004-File-29,D:/Annotation Stuff/MLFigsLabeled_Nov_03/20190113T113004-File-29.png,D:/Annotation Stuff/MLFigsLabeled_Nov_03/20190113T113004-File-29.json
20190115T190004-File-7,D:/Annotation Stuff/MLFigsLabeled_Nov_03/20190115T190004-File-7.png,D:/Annotation Stuff/MLFigsLabeled_Nov_03/20190115T190004-File-7.json
20190116T220004-File-2,D:/Annotation Stuff/MLFigsLabeled_Nov_03/20190116T220004-File-2.png,D:/Annotation Stuff/MLFigsLabeled_Nov_03/20190116T220004-File-2.json
20190124T173004-File-18,D:/Annotation Stuff/MLFigsLabeled_Nov_03/20190124T173004-File-18.png,D:/Annotation Stuff/MLFigsLabeled_Nov_03/20190124T173004-File-18.json
20190129T100004-File-24,D:/Annotation Stuff/MLFigsLabeled_Nov_03/20190129T100004-File-24.png,D:/Annotation Stuff/MLFigsLabeled_Nov_03/20190129T100004-File-24.json
20190204T130004-File-25,D:/Annotation Stuff/MLFigsLabeled_Nov_03/20190204T130004-File-25.png,D:/Annotation Stuff/MLFigsLabeled_Nov_03/20190204T130004-File-25.json
20190205T083004-File-3,D:/Annotation Stuff/MLFigsLabeled_Nov_03/20190205T083004-File-3.png,D:/Annotation Stuff/MLFigsLabeled_Nov_03/20190205T083004-File-3.json
20190205T100004-File-20,D:/Annotation Stuff/MLFigsLabeled_Nov_03/20190205T100004-File-20.png,D:/Annotation Stuff/MLFigsLabeled_Nov_03/20190205T100004-File-20.json
20190205T100004-File-21,D:/Annotation Stuff/MLFigsLabeled_Nov_03/20190205T100004-File-21.png,D:/Annotation Stuff/MLFigsLabeled_Nov_03/20190205T100004-File-21.json
20190205T100004-File-22,D:/Annotation Stuff/MLFigsLabeled_Nov_03/20190205T100004-File-22.png,D:/Annotation Stuff/MLFigsLabeled_Nov_03/20190205T100004-File-22.json
20190205T100004-File-25,D:/Annotation Stuff/MLFigsLabeled_Nov_03/20190205T100004-File-25.png,D:/Annotation Stuff/MLFigsLabeled_Nov_03/20190205T100004-File-25.json
20190205T130004-File-19,D:/Annotation Stuff/MLFigsLabeled_Nov_03/20190205T130004-File-19.png,D:/Annotation Stuff/MLFigsLabeled_Nov_03/20190205T130004-File-19.json
20190205T220004-File-26,D:/Annotation Stuff/MLFigsLabeled_Nov_03/20190205T220004-File-26.png,D:/Annotation Stuff/MLFigsLabeled_Nov_03/20190205T220004-File-26.json
20190206T083004-File-22,D:/Annotation Stuff/MLFigsLabeled_Nov_03/20190206T083004-File-22.png,D:/Annotation Stuff/MLFigsLabeled_Nov_03/20190206T083004-File-22.json
20190206T173004-File-8,D:/Annotation Stuff/MLFigsLabeled_Nov_03/20190206T173004-File-8.png,D:/Annotation Stuff/MLFigsLabeled_Nov_03/20190206T173004-File-8.json
20190207T083004-File-11,D:/Annotation Stuff/MLFigsLabeled_Nov_03/20190207T083004-File-11.png,D:/Annotation Stuff/MLFigsLabeled_Nov_03/20190207T083004-File-11.json
20181204T100004-File-0,D:/Annotation Stuff/MLFigsLabeled_Nov_09_Chris/20181204T100004-File-0.png,D:/Annotation Stuff/MLFigsLabeled_Nov_09_Chris/20181204T100004-File-0.json
20181204T100004-File-10,D:/Annotation Stuff/MLFigsLabeled_Nov_09_Chris/20181204T100004-File-10.png,D:/Annotation Stuff/MLFigsLabeled_Nov_09_Chris/20181204T100004-File-10.json
20181204T100004-File-17,D:/Annotation Stuff/MLFigsLabeled_Nov_09_Chris/20181204T100004-File-17.png,D:/Annotation Stuff/MLFigsLabeled_Nov_09_Chris/20181204T100004-File-17.json
20181204T100004-File-21,D:/Annotation Stuff/MLFigsLabeled_Nov_09_Chris/20181204T100004-File-21.png,D:/Annotation Stuff/MLFigsLabeled_Nov_09_Chris/20181204T100004-File-21.json
20181204T100004-File-27,D:/Annotation Stuff/MLFigsLabeled_Nov_09_Chris/20181204T100004-File-27.png,D:/Annotation Stuff/MLFigsLabeled_Nov_09_Chris/20181204T100004-File-27.json
20181204T113004-File-10,D:/Annotation Stuff/MLFigsLabeled_Nov_09_Chris/20181204T113004-File-10.png,D:/Annotation Stuff/MLFigsLabeled_Nov_09_Chris/20181204T113004-File-10.json
20181204T113004-File-11,D:/Annotation Stuff/MLFigsLabeled_Nov_09_Chris/20181204T113004-File-11.png,D:/Annotation Stuff/MLFigsLabeled_Nov_09_Chris/20181204T113004-File-11.json
20181204T113004-File-15,D:/Annotation Stuff/MLFigsLabeled_Nov_09_Chris/20181204T113004-File-15.png,D:/Annotation Stuff/MLFigsLabeled_Nov_09_Chris/20181204T113004-File-15.json
20181204T113004-File-9,D:/Annotation Stuff/MLFigsLabeled_Nov_09_Chris/20181204T113004-File-9.png,D:/Annotation Stuff/MLFigsLabeled_Nov_09_Chris/20181204T113004-File-9.json
20181204T130004-File-3,D:/Annotation Stuff/MLFigsLabeled_Nov_09_Chris/20181204T130004-File-3.png,D:/Annotation Stuff/MLFigsLabeled_Nov_09_Chris/20181204T130004-File-3.json
20181204T143004-File-11,D:/Annotation Stuff/MLFigsLabeled_Nov_09_Chris/20181204T143004-File-11.png,D:/Annotation Stuff/MLFigsLabeled_Nov_09_Chris/20181204T143004-File-11.json
20181204T143004-File-26,D:/Annotation Stuff/MLFigsLabeled_Nov_09_Chris/20181204T143004-File-26.png,D:/Annotation Stuff/MLFigsLabeled_Nov_09_Chris/20181204T143004-File-26.json
20181204T143004-File-27,D:/Annotation Stuff/MLFigsLabeled_Nov_09_Chris/20181204T143004-File-27.png,D:/Annotation Stuff/MLFigsLabeled_Nov_09_Chris/20181204T143004-File-27.json
20181204T160004-File-23,D:/Annotation Stuff/MLFigsLabeled_Nov_09_Chris/20181204T160004-File-23.png,D:/Annotation Stuff/MLFigsLabeled_Nov_09_Chris/20181204T160004-File-23.json
20181204T160004-File-24,D:/Annotation Stuff/MLFigsLabeled_Nov_09_Chris/20181204T160004-File-24.png,D:/Annotation Stuff/MLFigsLabeled_Nov_09_Chris/20181204T160004-File-24.json
20181204T173004-File-11,D:/Annotation Stuff/MLFigsLabeled_Nov_09_Chris/20181204T173004-File-11.png,D:/Annotation Stuff/MLFigsLabeled_Nov_09_Chris/20181204T173004-File-11.json
20181204T173004-File-24,D:/Annotation Stuff/MLFigsLabeled_Nov_09_Chris/20181204T173004-File-24.png,D:/Annotation Stuff/MLFigsLabeled_Nov_09_Chris/20181204T173004-File-24.json
20181204T173004-File-5,D:/Annotation Stuff/MLFigsLabeled_Nov_09_Chris/20181204T173004-File-5.png,D:/Annotation Stuff/MLFigsLabeled_Nov_09_Chris/20181204T173004-File-5.json
20181204T190004-File-13,D:/Annotation Stuff/MLFigsLabeled_Nov_09_Chris/20181204T190004-File-13.png,D:/Annotation Stuff/MLFigsLabeled_Nov_09_Chris/20181204T190004-File-13.json
20181204T190004-File-21,D:/Annotation Stuff/MLFigsLabeled_Nov_09_Chris/20181204T190004-File-21.png,D:/Annotation Stuff/MLFigsLabeled_Nov_09_Chris/20181204T190004-File-21.json
20181204T203004-File-0,D:/Annotation Stuff/MLFigsLabeled_Nov_09_Chris/20181204T203004-File-0.png,D:/Annotation Stuff/MLFigsLabeled_Nov_09_Chris/20181204T203004-File-0.json
20181204T203004-File-20,D:/Annotation Stuff/MLFigsLabeled_Nov_09_Chris/20181204T203004-File-20.png,D:/Annotation Stuff/MLFigsLabeled_Nov_09_Chris/20181204T203004-File-20.json
20181204T203004-File-29,D:/Annotation Stuff/MLFigsLabeled_Nov_09_Chris/20181204T203004-File-29.png,D:/Annotation Stuff/MLFigsLabeled_Nov_09_Chris/20181204T203004-File-29.json
20181205T010004-File-21,D:/Annotation Stuff/MLFigsLabeled_Nov_09_Chris/20181205T010004-File-21.png,D:/Annotation Stuff/MLFigsLabeled_Nov_09_Chris/20181205T010004-File-21.json
20181205T023004-File-22,D:/Annotation Stuff/MLFigsLabeled_Nov_09_Chris/20181205T023004-File-22.png,D:/Annotation Stuff/MLFigsLabeled_Nov_09_Chris/20181205T023004-File-22.json
20181205T053004-File-15,D:/Annotation Stuff/MLFigsLabeled_Nov_09_Chris/20181205T053004-File-15.png,D:/Annotation Stuff/MLFigsLabeled_Nov_09_Chris/20181205T053004-File-15.json
20181205T070004-File-13,D:/Annotation Stuff/MLFigsLabeled_Nov_09_Chris/20181205T070004-File-13.png,D:/Annotation Stuff/MLFigsLabeled_Nov_09_Chris/20181205T070004-File-13.json
20181205T083004-File-20,D:/Annotation Stuff/MLFigsLabeled_Nov_09_Chris/20181205T083004-File-20.png,D:/Annotation Stuff/MLFigsLabeled_Nov_09_Chris/20181205T083004-File-20.json
20181205T083004-File-23,D:/Annotation Stuff/MLFigsLabeled_Nov_09_Chris/20181205T083004-File-23.png,D:/Annotation Stuff/MLFigsLabeled_Nov_09_Chris/20181205T083004-File-23.json
20181205T100004-File-15,D:/Annotation Stuff/MLFigsLabeled_Nov_09_Chris/20181205T100004-File-15.png,D:/Annotation Stuff/MLFigsLabeled_Nov_09_Chris/20181205T100004-File-15.json
20181205T100004-File-21,D:/Annotation Stuff/MLFigsLabeled_Nov_09_Chris/20181205T100004-File-21.png,D:/Annotation Stuff/MLFigsLabeled_Nov_09_Chris/20181205T100004-File-21.json
20181205T100004-File-4,D:/Annotation Stuff/MLFigsLabeled_Nov_09_Chris/20181205T100004-File-4.png,D:/Annotation Stuff/MLFigsLabeled_Nov_09_Chris/20181205T100004-File-4.json
20181205T113004-File-19,D:/Annotation Stuff/MLFigsLabeled_Nov_09_Chris/20181205T113004-File-19.png,D:/Annotation Stuff/MLFigsLabeled_Nov_09_Chris/20181205T113004-File-19.json
20181205T113004-File-29,D:/Annotation Stuff/MLFigsLabeled_Nov_09_Chris/20181205T113004-File-29.png,D:/Annotation Stuff/MLFigsLabeled_Nov_09_Chris/20181205T113004-File-29.json
20181205T130004-File-10,D:/Annotation Stuff/MLFigsLabeled_Nov_09_Chris/20181205T130004-File-10.png,D:/Annotation Stuff/MLFigsLabeled_Nov_09_Chris/20181205T130004-File-10.json
20181205T130004-File-18,D:/Annotation Stuff/MLFigsLabeled_Nov_09_Chris/20181205T130004-File-18.png,D:/Annotation Stuff/MLFigsLabeled_Nov_09_Chris/20181205T130004-File-18.json
20181205T143004-File-16,D:/Annotation Stuff/MLFigsLabeled_Nov_09_Chris/20181205T143004-File-16.png,D:/Annotation Stuff/MLFigsLabeled_Nov_09_Chris/20181205T143004-File-16.json
20181205T160004-File-19,D:/Annotation Stuff/MLFigsLabeled_Nov_09_Chris/20181205T160004-File-19.png,D:/Annotation Stuff/MLFigsLabeled_Nov_09_Chris/20181205T160004-File-19.json
20181205T173004-File-23,D:/Annotation Stuff/MLFigsLabeled_Nov_09_Chris/20181205T173004-File-23.png,D:/Annotation Stuff/MLFigsLabeled_Nov_09_Chris/20181205T173004-File-23.json
20181205T190004-File-18,D:/Annotation Stuff/MLFigsLabeled_Nov_09_Chris/20181205T190004-File-18.png,D:/Annotation Stuff/MLFigsLabeled_Nov_09_Chris/20181205T190004-File-18.json
20181205T190004-File-29,D:/Annotation Stuff/MLFigsLabeled_Nov_09_Chris/20181205T190004-File-29.png,D:/Annotation Stuff/MLFigsLabeled_Nov_09_Chris/20181205T190004-File-29.json
20181205T203004-File-10,D:/Annotation Stuff/MLFigsLabeled_Nov_09_Chris/20181205T203004-File-10.png,D:/Annotation Stuff/MLFigsLabeled_Nov_09_Chris/20181205T203004-File-10.json
20181205T203004-File-27,D:/Annotation Stuff/MLFigsLabeled_Nov_09_Chris/20181205T203004-File-27.png,D:/Annotation Stuff/MLFigsLabeled_Nov_09_Chris/20181205T203004-File-27.json
20181205T220004-File-29,D:/Annotation Stuff/MLFigsLabeled_Nov_09_Chris/20181205T220004-File-29.png,D:/Annotation Stuff/MLFigsLabeled_Nov_09_Chris/20181205T220004-File-29.json
20181206T023004-File-24,D:/Annotation Stuff/MLFigsLabeled_Nov_09_Chris/20181206T023004-File-24.png,D:/Annotation Stuff/MLFigsLabeled_Nov_09_Chris/20181206T023004-File-24.json
20181206T160004-File-8,D:/Annotation Stuff/MLFigsLabeled_Nov_09_Chris/20181206T160004-File-8.png,D:/Annotation Stuff/MLFigsLabeled_Nov_09_Chris/20181206T160004-File-8.json
20181206T160004-File-9,D:/Annotation Stuff/MLFigsLabeled_Nov_09_Chris/20181206T160004-File-9.png,D:/Annotation Stuff/MLFigsLabeled_Nov_09_Chris/20181206T160004-File-9.json
20181208T173004-File-12,D:/Annotation Stuff/MLFigsLabeled_Nov_09_Chris/20181208T173004-File-12.png,D:/Annotation Stuff/MLFigsLabeled_Nov_09_Chris/20181208T173004-File-12.json
20181209T010004-File-17,D:/Annotation Stuff/MLFigsLabeled_Nov_09_Chris/20181209T010004-File-17.png,D:/Annotation Stuff/MLFigsLabeled_Nov_09_Chris/20181209T010004-File-17.json
20181209T010004-File-18,D:/Annotation Stuff/MLFigsLabeled_Nov_09_Chris/20181209T010004-File-18.png,D:/Annotation Stuff/MLFigsLabeled_Nov_09_Chris/20181209T010004-File-18.json
20181209T053004-File-13,D:/Annotation Stuff/MLFigsLabeled_Nov_09_Chris/20181209T053004-File-13.png,D:/Annotation Stuff/MLFigsLabeled_Nov_09_Chris/20181209T053004-File-13.json
20181209T053004-File-26,D:/Annotation Stuff/MLFigsLabeled_Nov_09_Chris/20181209T053004-File-26.png,D:/Annotation Stuff/MLFigsLabeled_Nov_09_Chris/20181209T053004-File-26.json
20181209T100004-File-15,D:/Annotation Stuff/MLFigsLabeled_Nov_09_Chris/20181209T100004-File-15.png,D:/Annotation Stuff/MLFigsLabeled_Nov_09_Chris/20181209T100004-File-15.json
20181209T113004-File-22,D:/Annotation Stuff/MLFigsLabeled_Nov_09_Chris/20181209T113004-File-22.png,D:/Annotation Stuff/MLFigsLabeled_Nov_09_Chris/20181209T113004-File-22.json
20181209T130004-File-18,D:/Annotation Stuff/MLFigsLabeled_Nov_09_Chris/20181209T130004-File-18.png,D:/Annotation Stuff/MLFigsLabeled_Nov_09_Chris/20181209T130004-File-18.json
20181209T173004-File-18,D:/Annotation Stuff/MLFigsLabeled_Nov_09_Chris/20181209T173004-File-18.png,D:/Annotation Stuff/MLFigsLabeled_Nov_09_Chris/20181209T173004-File-18.json
20181216T083004-File-19,D:/Annotation Stuff/MLFigsLabeled_Nov_09_Chris/20181216T083004-File-19.png,D:/Annotation Stuff/MLFigsLabeled_Nov_09_Chris/20181216T083004-File-19.json
20181216T113004-File-25,D:/Annotation Stuff/MLFigsLabeled_Nov_09_Chris/20181216T113004-File-25.png,D:/Annotation Stuff/MLFigsLabeled_Nov_09_Chris/20181216T113004-File-25.json
20181216T143004-File-7,D:/Annotation Stuff/MLFigsLabeled_Nov_09_Chris/20181216T143004-File-7.png,D:/Annotation Stuff/MLFigsLabeled_Nov_09_Chris/20181216T143004-File-7.json
20181216T160004-File-6,D:/Annotation Stuff/MLFigsLabeled_Nov_09_Chris/20181216T160004-File-6.png,D:/Annotation Stuff/MLFigsLabeled_Nov_09_Chris/20181216T160004-File-6.json
20181216T160004-File-7,D:/Annotation Stuff/MLFigsLabeled_Nov_09_Chris/20181216T160004-File-7.png,D:/Annotation Stuff/MLFigsLabeled_Nov_09_Chris/20181216T160004-File-7.json
20181217T160004-File-2,D:/Annotation Stuff/MLFigsLabeled_Nov_09_Chris/20181217T160004-File-2.png,D:/Annotation Stuff/MLFigsLabeled_Nov_09_Chris/20181217T160004-File-2.json
20181224T203004-File-18,D:/Annotation Stuff/MLFigsLabeled_Nov_09_Chris/20181224T203004-File-18.png,D:/Annotation Stuff/MLFigsLabeled_Nov_09_Chris/20181224T203004-File-18.json
20181225T160004-File-4,D:/Annotation Stuff/MLFigsLabeled_Nov_09_Chris/20181225T160004-File-4.png,D:/Annotation Stuff/MLFigsLabeled_Nov_09_Chris/20181225T160004-File-4.json
20181227T053004-File-10,D:/Annotation Stuff/MLFigsLabeled_Nov_09_Chris/20181227T053004-File-10.png,D:/Annotation Stuff/MLFigsLabeled_Nov_09_Chris/20181227T053004-File-10.json
20181227T100004-File-20,D:/Annotation Stuff/MLFigsLabeled_Nov_09_Chris/20181227T100004-File-20.png,D:/Annotation Stuff/MLFigsLabeled_Nov_09_Chris/20181227T100004-File-20.json
20181227T100004-File-29,D:/Annotation Stuff/MLFigsLabeled_Nov_09_Chris/20181227T100004-File-29.png,D:/Annotation Stuff/MLFigsLabeled_Nov_09_Chris/20181227T100004-File-29.json
20181227T130004-File-11,D:/Annotation Stuff/MLFigsLabeled_Nov_09_Chris/20181227T130004-File-11.png,D:/Annotation Stuff/MLFigsLabeled_Nov_09_Chris/20181227T130004-File-11.json
20190104T053004-File-3,D:/Annotation Stuff/MLFigsLabeled_Nov_09_Chris/20190104T053004-File-3.png,D:/Annotation Stuff/MLFigsLabeled_Nov_09_Chris/20190104T053004-File-3.json
20190105T113004-File-20,D:/Annotation Stuff/MLFigsLabeled_Nov_09_Chris/20190105T113004-File-20.png,D:/Annotation Stuff/MLFigsLabeled_Nov_09_Chris/20190105T113004-File-20.json
20190105T130004-File-18,D:/Annotation Stuff/MLFigsLabeled_Nov_09_Chris/20190105T130004-File-18.png,D:/Annotation Stuff/MLFigsLabeled_Nov_09_Chris/20190105T130004-File-18.json
20190107T143004-File-11,D:/Annotation Stuff/MLFigsLabeled_Nov_09_Chris/20190107T143004-File-11.png,D:/Annotation Stuff/MLFigsLabeled_Nov_09_Chris/20190107T143004-File-11.json
20190109T040004-File-14,D:/Annotation Stuff/MLFigsLabeled_Nov_09_Chris/20190109T040004-File-14.png,D:/Annotation Stuff/MLFigsLabeled_Nov_09_Chris/20190109T040004-File-14.json
20190109T100004-File-29,D:/Annotation Stuff/MLFigsLabeled_Nov_09_Chris/20190109T100004-File-29.png,D:/Annotation Stuff/MLFigsLabeled_Nov_09_Chris/20190109T100004-File-29.json
20190109T100004-File-3,D:/Annotation Stuff/MLFigsLabeled_Nov_09_Chris/20190109T100004-File-3.png,D:/Annotation Stuff/MLFigsLabeled_Nov_09_Chris/20190109T100004-File-3.json
20190109T113004-File-18,D:/Annotation Stuff/MLFigsLabeled_Nov_09_Chris/20190109T113004-File-18.png,D:/Annotation Stuff/MLFigsLabeled_Nov_09_Chris/20190109T113004-File-18.json
20190109T143004-File-10,D:/Annotation Stuff/MLFigsLabeled_Nov_09_Chris/20190109T143004-File-10.png,D:/Annotation Stuff/MLFigsLabeled_Nov_09_Chris/20190109T143004-File-10.json
20190109T143004-File-20,D:/Annotation Stuff/MLFigsLabeled_Nov_09_Chris/20190109T143004-File-20.png,D:/Annotation Stuff/MLFigsLabeled_Nov_09_Chris/20190109T143004-File-20.json
20190109T160004-File-28,D:/Annotation Stuff/MLFigsLabeled_Nov_09_Chris/20190109T160004-File-28.png,D:/Annotation Stuff/MLFigsLabeled_Nov_09_Chris/20190109T160004-File-28.json
20190112T190004-File-10,D:/Annotation Stuff/MLFigsLabeled_Nov_09_Chris/20190112T190004-File-10.png,D:/Annotation Stuff/MLFigsLabeled_Nov_09_Chris/20190112T190004-File-10.json
20190113T113004-File-24,D:/Annotation Stuff/MLFigsLabeled_Nov_09_Chris/20190113T113004-File-24.png,D:/Annotation Stuff/MLFigsLabeled_Nov_09_Chris/20190113T113004-File-24.json
20190115T100004-File-4,D:/Annotation Stuff/MLFigsLabeled_Nov_09_Chris/20190115T100004-File-4.png,D:/Annotation Stuff/MLFigsLabeled_Nov_09_Chris/20190115T100004-File-4.json
20190115T190004-File-1,D:/Annotation Stuff/MLFigsLabeled_Nov_09_Chris/20190115T190004-File-1.png,D:/Annotation Stuff/MLFigsLabeled_Nov_09_Chris/20190115T190004-File-1.json
20190115T190004-File-9,D:/Annotation Stuff/MLFigsLabeled_Nov_09_Chris/20190115T190004-File-9.png,D:/Annotation Stuff/MLFigsLabeled_Nov_09_Chris/20190115T190004-File-9.json
20190115T220004-File-19,D:/Annotation Stuff/MLFigsLabeled_Nov_09_Chris/20190115T220004-File-19.png,D:/Annotation Stuff/MLFigsLabeled_Nov_09_Chris/20190115T220004-File-19.json
20190117T040004-File-22,D:/Annotation Stuff/MLFigsLabeled_Nov_09_Chris/20190117T040004-File-22.png,D:/Annotation Stuff/MLFigsLabeled_Nov_09_Chris/20190117T040004-File-22.json
20190117T083004-File-18,D:/Annotation Stuff/MLFigsLabeled_Nov_09_Chris/20190117T083004-File-18.png,D:/Annotation Stuff/MLFigsLabeled_Nov_09_Chris/20190117T083004-File-18.json
20190117T100004-File-18,D:/Annotation Stuff/MLFigsLabeled_Nov_09_Chris/20190117T100004-File-18.png,D:/Annotation Stuff/MLFigsLabeled_Nov_09_Chris/20190117T100004-File-18.json
20190117T113004-File-10,D:/Annotation Stuff/MLFigsLabeled_Nov_09_Chris/20190117T113004-File-10.png,D:/Annotation Stuff/MLFigsLabeled_Nov_09_Chris/20190117T113004-File-10.json
20190117T130004-File-0,D:/Annotation Stuff/MLFigsLabeled_Nov_09_Chris/20190117T130004-File-0.png,D:/Annotation Stuff/MLFigsLabeled_Nov_09_Chris/20190117T130004-File-0.json
20190118T010004-File-7,D:/Annotation Stuff/MLFigsLabeled_Nov_09_Chris/20190118T010004-File-7.png,D:/Annotation Stuff/MLFigsLabeled_Nov_09_Chris/20190118T010004-File-7.json
20190118T023004-File-13,D:/Annotation Stuff/MLFigsLabeled_Nov_09_Chris/20190118T023004-File-13.png,D:/Annotation Stuff/MLFigsLabeled_Nov_09_Chris/20190118T023004-File-13.json
20190118T070004-File-2,D:/Annotation Stuff/MLFigsLabeled_Nov_09_Chris/20190118T070004-File-2.png,D:/Annotation Stuff/MLFigsLabeled_Nov_09_Chris/20190118T070004-File-2.json
20190118T113004-File-15,D:/Annotation Stuff/MLFigsLabeled_Nov_09_Chris/20190118T113004-File-15.png,D:/Annotation Stuff/MLFigsLabeled_Nov_09_Chris/20190118T113004-File-15.json
20190118T190004-File-2,D:/Annotation Stuff/MLFigsLabeled_Nov_09_Chris/20190118T190004-File-2.png,D:/Annotation Stuff/MLFigsLabeled_Nov_09_Chris/20190118T190004-File-2.json
20190118T203004-File-8,D:/Annotation Stuff/MLFigsLabeled_Nov_09_Chris/20190118T203004-File-8.png,D:/Annotation Stuff/MLFigsLabeled_Nov_09_Chris/20190118T203004-File-8.json
20190118T220004-File-27,D:/Annotation Stuff/MLFigsLabeled_Nov_09_Chris/20190118T220004-File-27.png,D:/Annotation Stuff/MLFigsLabeled_Nov_09_Chris/20190118T220004-File-27.json
20190119T070004-File-10,D:/Annotation Stuff/MLFigsLabeled_Nov_09_Chris/20190119T070004-File-10.png,D:/Annotation Stuff/MLFigsLabeled_Nov_09_Chris/20190119T070004-File-10.json
20190119T083004-File-0,D:/Annotation Stuff/MLFigsLabeled_Nov_09_Chris/20190119T083004-File-0.png,D:/Annotation Stuff/MLFigsLabeled_Nov_09_Chris/20190119T083004-File-0.json
20190119T113004-File-29,D:/Annotation Stuff/MLFigsLabeled_Nov_09_Chris/20190119T113004-File-29.png,D:/Annotation Stuff/MLFigsLabeled_Nov_09_Chris/20190119T113004-File-29.json
20190119T143004-File-20,D:/Annotation Stuff/MLFigsLabeled_Nov_09_Chris/20190119T143004-File-20.png,D:/Annotation Stuff/MLFigsLabeled_Nov_09_Chris/20190119T143004-File-20.json
20190119T173004-File-4,D:/Annotation Stuff/MLFigsLabeled_Nov_09_Chris/20190119T173004-File-4.png,D:/Annotation Stuff/MLFigsLabeled_Nov_09_Chris/20190119T173004-File-4.json
20190119T220004-File-14,D:/Annotation Stuff/MLFigsLabeled_Nov_09_Chris/20190119T220004-File-14.png,D:/Annotation Stuff/MLFigsLabeled_Nov_09_Chris/20190119T220004-File-14.json
20190119T233004-File-12,D:/Annotation Stuff/MLFigsLabeled_Nov_09_Chris/20190119T233004-File-12.png,D:/Annotation Stuff/MLFigsLabeled_Nov_09_Chris/20190119T233004-File-12.json
20190120T053004-File-9,D:/Annotation Stuff/MLFigsLabeled_Nov_09_Chris/20190120T053004-File-9.png,D:/Annotation Stuff/MLFigsLabeled_Nov_09_Chris/20190120T053004-File-9.json
20190120T083004-File-16,D:/Annotation Stuff/MLFigsLabeled_Nov_09_Chris/20190120T083004-File-16.png,D:/Annotation Stuff/MLFigsLabeled_Nov_09_Chris/20190120T083004-File-16.json
20190121T053004-File-4,D:/Annotation Stuff/MLFigsLabeled_Nov_09_Chris/20190121T053004-File-4.png,D:/Annotation Stuff/MLFigsLabeled_Nov_09_Chris/20190121T053004-File-4.json
20190121T083004-File-28,D:/Annotation Stuff/MLFigsLabeled_Nov_09_Chris/20190121T083004-File-28.png,D:/Annotation Stuff/MLFigsLabeled_Nov_09_Chris/20190121T083004-File-28.json
20190121T113004-File-4,D:/Annotation Stuff/MLFigsLabeled_Nov_09_Chris/20190121T113004-File-4.png,D:/Annotation Stuff/MLFigsLabeled_Nov_09_Chris/20190121T113004-File-4.json
20190121T220004-File-23,D:/Annotation Stuff/MLFigsLabeled_Nov_09_Chris/20190121T220004-File-23.png,D:/Annotation Stuff/MLFigsLabeled_Nov_09_Chris/20190121T220004-File-23.json
20190122T040004-File-28,D:/Annotation Stuff/MLFigsLabeled_Nov_09_Chris/20190122T040004-File-28.png,D:/Annotation Stuff/MLFigsLabeled_Nov_09_Chris/20190122T040004-File-28.json
20190122T083004-File-17,D:/Annotation Stuff/MLFigsLabeled_Nov_09_Chris/20190122T083004-File-17.png,D:/Annotation Stuff/MLFigsLabeled_Nov_09_Chris/20190122T083004-File-17.json
20190122T113004-File-1,D:/Annotation Stuff/MLFigsLabeled_Nov_09_Chris/20190122T113004-File-1.png,D:/Annotation Stuff/MLFigsLabeled_Nov_09_Chris/20190122T113004-File-1.json
20190122T113004-File-20,D:/Annotation Stuff/MLFigsLabeled_Nov_09_Chris/20190122T113004-File-20.png,D:/Annotation Stuff/MLFigsLabeled_Nov_09_Chris/20190122T113004-File-20.json
20190122T130004-File-24,D:/Annotation Stuff/MLFigsLabeled_Nov_09_Chris/20190122T130004-File-24.png,D:/Annotation Stuff/MLFigsLabeled_Nov_09_Chris/20190122T130004-File-24.json
20190122T143004-File-16,D:/Annotation Stuff/MLFigsLabeled_Nov_09_Chris/20190122T143004-File-16.png,D:/Annotation Stuff/MLFigsLabeled_Nov_09_Chris/20190122T143004-File-16.json
20190122T160004-File-26,D:/Annotation Stuff/MLFigsLabeled_Nov_09_Chris/20190122T160004-File-26.png,D:/Annotation Stuff/MLFigsLabeled_Nov_09_Chris/20190122T160004-File-26.json
20190122T190004-File-2,D:/Annotation Stuff/MLFigsLabeled_Nov_09_Chris/20190122T190004-File-2.png,D:/Annotation Stuff/MLFigsLabeled_Nov_09_Chris/20190122T190004-File-2.json
20190122T220004-File-10,D:/Annotation Stuff/MLFigsLabeled_Nov_09_Chris/20190122T220004-File-10.png,D:/Annotation Stuff/MLFigsLabeled_Nov_09_Chris/20190122T220004-File-10.json
20190123T010004-File-22,D:/Annotation Stuff/MLFigsLabeled_Nov_09_Chris/20190123T010004-File-22.png,D:/Annotation Stuff/MLFigsLabeled_Nov_09_Chris/20190123T010004-File-22.json
20190123T023004-File-2,D:/Annotation Stuff/MLFigsLabeled_Nov_09_Chris/20190123T023004-File-2.png,D:/Annotation Stuff/MLFigsLabeled_Nov_09_Chris/20190123T023004-File-2.json
20190123T040004-File-6,D:/Annotation Stuff/MLFigsLabeled_Nov_09_Chris/20190123T040004-File-6.png,D:/Annotation Stuff/MLFigsLabeled_Nov_09_Chris/20190123T040004-File-6.json
20190123T053004-File-8,D:/Annotation Stuff/MLFigsLabeled_Nov_09_Chris/20190123T053004-File-8.png,D:/Annotation Stuff/MLFigsLabeled_Nov_09_Chris/20190123T053004-File-8.json
20190123T070004-File-22,D:/Annotation Stuff/MLFigsLabeled_Nov_09_Chris/20190123T070004-File-22.png,D:/Annotation Stuff/MLFigsLabeled_Nov_09_Chris/20190123T070004-File-22.json
20190123T083004-File-20,D:/Annotation Stuff/MLFigsLabeled_Nov_09_Chris/20190123T083004-File-20.png,D:/Annotation Stuff/MLFigsLabeled_Nov_09_Chris/20190123T083004-File-20.json
20190123T113004-File-20,D:/Annotation Stuff/MLFigsLabeled_Nov_09_Chris/20190123T113004-File-20.png,D:/Annotation Stuff/MLFigsLabeled_Nov_09_Chris/20190123T113004-File-20.json
20190123T143004-File-4,D:/Annotation Stuff/MLFigsLabeled_Nov_09_Chris/20190123T143004-File-4.png,D:/Annotation Stuff/MLFigsLabeled_Nov_09_Chris/20190123T143004-File-4.json
20190126T040004-File-12,D:/Annotation Stuff/MLFigsLabeled_Nov_09_Chris/20190126T040004-File-12.png,D:/Annotation Stuff/MLFigsLabeled_Nov_09_Chris/20190126T040004-File-12.json
20190126T053004-File-11,D:/Annotation Stuff/MLFigsLabeled_Nov_09_Chris/20190126T053004-File-11.png,D:/Annotation Stuff/MLFigsLabeled_Nov_09_Chris/20190126T053004-File-11.json
20190126T070004-File-11,D:/Annotation Stuff/MLFigsLabeled_Nov_09_Chris/20190126T070004-File-11.png,D:/Annotation Stuff/MLFigsLabeled_Nov_09_Chris/20190126T070004-File-11.json
20190126T083004-File-24,D:/Annotation Stuff/MLFigsLabeled_Nov_09_Chris/20190126T083004-File-24.png,D:/Annotation Stuff/MLFigsLabeled_Nov_09_Chris/20190126T083004-File-24.json
20190126T113004-File-23,D:/Annotation Stuff/MLFigsLabeled_Nov_09_Chris/20190126T113004-File-23.png,D:/Annotation Stuff/MLFigsLabeled_Nov_09_Chris/20190126T113004-File-23.json
20190126T130004-File-25,D:/Annotation Stuff/MLFigsLabeled_Nov_09_Chris/20190126T130004-File-25.png,D:/Annotation Stuff/MLFigsLabeled_Nov_09_Chris/20190126T130004-File-25.json
20190126T143004-File-17,D:/Annotation Stuff/MLFigsLabeled_Nov_09_Chris/20190126T143004-File-17.png,D:/Annotation Stuff/MLFigsLabeled_Nov_09_Chris/20190126T143004-File-17.json
20190126T160004-File-15,D:/Annotation Stuff/MLFigsLabeled_Nov_09_Chris/20190126T160004-File-15.png,D:/Annotation Stuff/MLFigsLabeled_Nov_09_Chris/20190126T160004-File-15.json
20190126T160004-File-29,D:/Annotation Stuff/MLFigsLabeled_Nov_09_Chris/20190126T160004-File-29.png,D:/Annotation Stuff/MLFigsLabeled_Nov_09_Chris/20190126T160004-File-29.json
20190126T173004-File-21,D:/Annotation Stuff/MLFigsLabeled_Nov_09_Chris/20190126T173004-File-21.png,D:/Annotation Stuff/MLFigsLabeled_Nov_09_Chris/20190126T173004-File-21.json
20190126T190004-File-17,D:/Annotation Stuff/MLFigsLabeled_Nov_09_Chris/20190126T190004-File-17.png,D:/Annotation Stuff/MLFigsLabeled_Nov_09_Chris/20190126T190004-File-17.json
20190126T203004-File-15,D:/Annotation Stuff/MLFigsLabeled_Nov_09_Chris/20190126T203004-File-15.png,D:/Annotation Stuff/MLFigsLabeled_Nov_09_Chris/20190126T203004-File-15.json
20190126T220004-File-11,D:/Annotation Stuff/MLFigsLabeled_Nov_09_Chris/20190126T220004-File-11.png,D:/Annotation Stuff/MLFigsLabeled_Nov_09_Chris/20190126T220004-File-11.json
20190126T233004-File-0,D:/Annotation Stuff/MLFigsLabeled_Nov_09_Chris/20190126T233004-File-0.png,D:/Annotation Stuff/MLFigsLabeled_Nov_09_Chris/20190126T233004-File-0.json
20190127T023004-File-9,D:/Annotation Stuff/MLFigsLabeled_Nov_09_Chris/20190127T023004-File-9.png,D:/Annotation Stuff/MLFigsLabeled_Nov_09_Chris/20190127T023004-File-9.json
20190127T040004-File-6,D:/Annotation Stuff/MLFigsLabeled_Nov_09_Chris/20190127T040004-File-6.png,D:/Annotation Stuff/MLFigsLabeled_Nov_09_Chris/20190127T040004-File-6.json
20190127T070004-File-10,D:/Annotation Stuff/MLFigsLabeled_Nov_09_Chris/20190127T070004-File-10.png,D:/Annotation Stuff/MLFigsLabeled_Nov_09_Chris/20190127T070004-File-10.json
20190127T083004-File-25,D:/Annotation Stuff/MLFigsLabeled_Nov_09_Chris/20190127T083004-File-25.png,D:/Annotation Stuff/MLFigsLabeled_Nov_09_Chris/20190127T083004-File-25.json
20190127T113004-File-7,D:/Annotation Stuff/MLFigsLabeled_Nov_09_Chris/20190127T113004-File-7.png,D:/Annotation Stuff/MLFigsLabeled_Nov_09_Chris/20190127T113004-File-7.json
20190127T160004-File-28,D:/Annotation Stuff/MLFigsLabeled_Nov_09_Chris/20190127T160004-File-28.png,D:/Annotation Stuff/MLFigsLabeled_Nov_09_Chris/20190127T160004-File-28.json
20190127T190004-File-10,D:/Annotation Stuff/MLFigsLabeled_Nov_09_Chris/20190127T190004-File-10.png,D:/Annotation Stuff/MLFigsLabeled_Nov_09_Chris/20190127T190004-File-10.json
20190127T220004-File-18,D:/Annotation Stuff/MLFigsLabeled_Nov_09_Chris/20190127T220004-File-18.png,D:/Annotation Stuff/MLFigsLabeled_Nov_09_Chris/20190127T220004-File-18.json
20190128T010004-File-9,D:/Annotation Stuff/MLFigsLabeled_Nov_09_Chris/20190128T010004-File-9.png,D:/Annotation Stuff/MLFigsLabeled_Nov_09_Chris/20190128T010004-File-9.json
20190128T040004-File-27,D:/Annotation Stuff/MLFigsLabeled_Nov_09_Chris/20190128T040004-File-27.png,D:/Annotation Stuff/MLFigsLabeled_Nov_09_Chris/20190128T040004-File-27.json
20190128T070004-File-25,D:/Annotation Stuff/MLFigsLabeled_Nov_09_Chris/20190128T070004-File-25.png,D:/Annotation Stuff/MLFigsLabeled_Nov_09_Chris/20190128T070004-File-25.json
20190128T113004-File-13,D:/Annotation Stuff/MLFigsLabeled_Nov_09_Chris/20190128T113004-File-13.png,D:/Annotation Stuff/MLFigsLabeled_Nov_09_Chris/20190128T113004-File-13.json
20190128T143004-File-13,D:/Annotation Stuff/MLFigsLabeled_Nov_09_Chris/20190128T143004-File-13.png,D:/Annotation Stuff/MLFigsLabeled_Nov_09_Chris/20190128T143004-File-13.json
20190128T173004-File-14,D:/Annotation Stuff/MLFigsLabeled_Nov_09_Chris/20190128T173004-File-14.png,D:/Annotation Stuff/MLFigsLabeled_Nov_09_Chris/20190128T173004-File-14.json
20190128T173004-File-21,D:/Annotation Stuff/MLFigsLabeled_Nov_09_Chris/20190128T173004-File-21.png,D:/Annotation Stuff/MLFigsLabeled_Nov_09_Chris/20190128T173004-File-21.json
20190128T190004-File-8,D:/Annotation Stuff/MLFigsLabeled_Nov_09_Chris/20190128T190004-File-8.png,D:/Annotation Stuff/MLFigsLabeled_Nov_09_Chris/20190128T190004-File-8.json
20190128T203004-File-25,D:/Annotation Stuff/MLFigsLabeled_Nov_09_Chris/20190128T203004-File-25.png,D:/Annotation Stuff/MLFigsLabeled_Nov_09_Chris/20190128T203004-File-25.json
20190129T010004-File-17,D:/Annotation Stuff/MLFigsLabeled_Nov_09_Chris/20190129T010004-File-17.png,D:/Annotation Stuff/MLFigsLabeled_Nov_09_Chris/20190129T010004-File-17.json
20190129T010004-File-5,D:/Annotation Stuff/MLFigsLabeled_Nov_09_Chris/20190129T010004-File-5.png,D:/Annotation Stuff/MLFigsLabeled_Nov_09_Chris/20190129T010004-File-5.json
20190129T023004-File-27,D:/Annotation Stuff/MLFigsLabeled_Nov_09_Chris/20190129T023004-File-27.png,D:/Annotation Stuff/MLFigsLabeled_Nov_09_Chris/20190129T023004-File-27.json
20190129T040004-File-22,D:/Annotation Stuff/MLFigsLabeled_Nov_09_Chris/20190129T040004-File-22.png,D:/Annotation Stuff/MLFigsLabeled_Nov_09_Chris/20190129T040004-File-22.json
20190129T040004-File-29,D:/Annotation Stuff/MLFigsLabeled_Nov_09_Chris/20190129T040004-File-29.png,D:/Annotation Stuff/MLFigsLabeled_Nov_09_Chris/20190129T040004-File-29.json
20190129T040004-File-8,D:/Annotation Stuff/MLFigsLabeled_Nov_09_Chris/20190129T040004-File-8.png,D:/Annotation Stuff/MLFigsLabeled_Nov_09_Chris/20190129T040004-File-8.json
20190129T070004-File-6,D:/Annotation Stuff/MLFigsLabeled_Nov_09_Chris/20190129T070004-File-6.png,D:/Annotation Stuff/MLFigsLabeled_Nov_09_Chris/20190129T070004-File-6.json
20190129T083004-File-11,D:/Annotation Stuff/MLFigsLabeled_Nov_09_Chris/20190129T083004-File-11.png,D:/Annotation Stuff/MLFigsLabeled_Nov_09_Chris/20190129T083004-File-11.json
20190129T083004-File-23,D:/Annotation Stuff/MLFigsLabeled_Nov_09_Chris/20190129T083004-File-23.png,D:/Annotation Stuff/MLFigsLabeled_Nov_09_Chris/20190129T083004-File-23.json
20190129T100004-File-7,D:/Annotation Stuff/MLFigsLabeled_Nov_09_Chris/20190129T100004-File-7.png,D:/Annotation Stuff/MLFigsLabeled_Nov_09_Chris/20190129T100004-File-7.json
20190129T113004-File-17,D:/Annotation Stuff/MLFigsLabeled_Nov_09_Chris/20190129T113004-File-17.png,D:/Annotation Stuff/MLFigsLabeled_Nov_09_Chris/20190129T113004-File-17.json
20190129T113004-File-25,D:/Annotation Stuff/MLFigsLabeled_Nov_09_Chris/20190129T113004-File-25.png,D:/Annotation Stuff/MLFigsLabeled_Nov_09_Chris/20190129T113004-File-25.json
20190129T113004-File-3,D:/Annotation Stuff/MLFigsLabeled_Nov_09_Chris/20190129T113004-File-3.png,D:/Annotation Stuff/MLFigsLabeled_Nov_09_Chris/20190129T113004-File-3.json
20190129T130004-File-22,D:/Annotation Stuff/MLFigsLabeled_Nov_09_Chris/20190129T130004-File-22.png,D:/Annotation Stuff/MLFigsLabeled_Nov_09_Chris/20190129T130004-File-22.json
20190129T143004-File-12,D:/Annotation Stuff/MLFigsLabeled_Nov_09_Chris/20190129T143004-File-12.png,D:/Annotation Stuff/MLFigsLabeled_Nov_09_Chris/20190129T143004-File-12.json
20190129T160004-File-7,D:/Annotation Stuff/MLFigsLabeled_Nov_09_Chris/20190129T160004-File-7.png,D:/Annotation Stuff/MLFigsLabeled_Nov_09_Chris/20190129T160004-File-7.json
20190129T173004-File-24,D:/Annotation Stuff/MLFigsLabeled_Nov_09_Chris/20190129T173004-File-24.png,D:/Annotation Stuff/MLFigsLabeled_Nov_09_Chris/20190129T173004-File-24.json
20190131T053004-File-9,D:/Annotation Stuff/MLFigsLabeled_Nov_09_Chris/20190131T053004-File-9.png,D:/Annotation Stuff/MLFigsLabeled_Nov_09_Chris/20190131T053004-File-9.json
20190201T083004-File-7,D:/Annotation Stuff/MLFigsLabeled_Nov_09_Chris/20190201T083004-File-7.png,D:/Annotation Stuff/MLFigsLabeled_Nov_09_Chris/20190201T083004-File-7.json
20190201T113004-File-2,D:/Annotation Stuff/MLFigsLabeled_Nov_09_Chris/20190201T113004-File-2.png,D:/Annotation Stuff/MLFigsLabeled_Nov_09_Chris/20190201T113004-File-2.json
20190201T130004-File-25,D:/Annotation Stuff/MLFigsLabeled_Nov_09_Chris/20190201T130004-File-25.png,D:/Annotation Stuff/MLFigsLabeled_Nov_09_Chris/20190201T130004-File-25.json
20190201T143004-File-14,D:/Annotation Stuff/MLFigsLabeled_Nov_09_Chris/20190201T143004-File-14.png,D:/Annotation Stuff/MLFigsLabeled_Nov_09_Chris/20190201T143004-File-14.json
20190208T010004-File-14,D:/Annotation Stuff/MLFigsLabeled_Nov_09_Chris/20190208T010004-File-14.png,D:/Annotation Stuff/MLFigsLabeled_Nov_09_Chris/20190208T010004-File-14.json
20190209T100004-File-10,D:/Annotation Stuff/MLFigsLabeled_Nov_09_Chris/20190209T100004-File-10.png,D:/Annotation Stuff/MLFigsLabeled_Nov_09_Chris/20190209T100004-File-10.json
20190210T023004-File-16,D:/Annotation Stuff/MLFigsLabeled_Nov_09_Chris/20190210T023004-File-16.png,D:/Annotation Stuff/MLFigsLabeled_Nov_09_Chris/20190210T023004-File-16.json
20190210T160004-File-9,D:/Annotation Stuff/MLFigsLabeled_Nov_09_Chris/20190210T160004-File-9.png,D:/Annotation Stuff/MLFigsLabeled_Nov_09_Chris/20190210T160004-File-9.json
20190210T173004-File-25,D:/Annotation Stuff/MLFigsLabeled_Nov_09_Chris/20190210T173004-File-25.png,D:/Annotation Stuff/MLFigsLabeled_Nov_09_Chris/20190210T173004-File-25.json
20190213T040004-File-28,D:/Annotation Stuff/MLFigsLabeled_Nov_09_Chris/20190213T040004-File-28.png,D:/Annotation Stuff/MLFigsLabeled_Nov_09_Chris/20190213T040004-File-28.json
20190217T023004-File-27,D:/Annotation Stuff/MLFigsLabeled_Nov_09_Chris/20190217T023004-File-27.png,D:/Annotation Stuff/MLFigsLabeled_Nov_09_Chris/20190217T023004-File-27.json
