vggish_point,label
100-0,calibration
100-314,humpback
100-315,humpback
100-316,humpback
1006-0,calibration
1006-349,mooring
1006-350,mooring
1006-351,mooring
1006-48,mooring
1006-55,mooring
1006-56,flow noise
1006-57,flow noise
1006-58,flow noise-mooring
1006-59,flow noise-mooring
1018-0,calibration
1018-109,fish
1018-110,fish
1018-111,humpback
1018-115,humpback
1018-116,humpback
1018-118,fish
1018-119,fish
1020-0,calibration
1020-100,fish-humpback
1020-101,fish-humpback
1020-102,fish-humpback
1020-103,fish-humpback
1020-104,humpback
1020-107,humpback
1020-96,humpback
1020-97,humpback
1020-98,fish-humpback
1020-99,fish
1039-0,calibration
1039-302,flow noise
1039-303,flow noise
1039-304,flow noise
1039-305,flow noise
1039-306,flow noise
1039-307,flow noise
1044-0,calibration
1044-100,mooring
1044-101,mooring
1044-102,mooring
1044-103,fish-mooring
1044-104,fish-mooring
1044-198,mooring
1044-199,mooring
1044-202,mooring
1044-297,mooring
1044-298,mooring
1044-97,mooring
1044-98,mooring
1047-0,calibration
1047-288,airplane
1047-289,airplane-humpback
1047-290,humpback
1047-291,humpback
1047-292,humpback
1047-293,humpback
1047-294,humpback
1047-295,humpback
1047-296,humpback
1047-297,humpback
1047-298,humpback
1047-299,humpback
105-0,calibration
105-216,humpback
105-220,humpback
105-221,humpback
105-226,humpback
105-227,humpback
1052-0,calibration
1052-228,humpback
1052-229,humpback
1052-230,humpback
1052-231,flow noise-humpback
1052-232,flow noise-humpback
1052-233,flow noise-humpback
1052-234,flow noise-humpback
1052-235,flow noise-humpback
1052-236,humpback
1052-238,humpback
1052-239,humpback
1056-0,calibration
1056-204,flow noise-humpback
1056-205,flow noise
1056-208,humpback
1056-209,humpback
1056-211,humpback
1056-213,humpback
1056-214,humpback
1056-215,humpback
1056-60,humpback
1056-61,humpback
1056-62,humpback
1056-63,humpback
1056-64,humpback
1056-65,humpback
1056-66,humpback
1056-67,humpback
1056-68,humpback
1056-69,humpback
1056-71,humpback
1057-0,calibration
1057-224,mooring
1057-225,mooring
1057-226,mooring
1061-0,calibration
1061-102,humpback
1061-103,humpback
1073-0,calibration
1073-240,boat
1073-241,boat
1073-242,boat
1073-243,boat
1073-244,boat
1073-245,boat
1073-246,boat
1073-247,boat
1073-248,boat
1073-249,boat
1073-250,boat
1073-251,boat
1073-252,boat
1073-253,boat
1073-254,boat
1073-255,boat
1073-256,boat
1073-257,boat
1073-258,boat
1073-259,boat
1073-260,boat
1073-261,boat
1073-262,boat
1073-263,boat
1073-264,boat
1073-265,boat
1073-266,boat
1073-267,boat
1073-268,boat
1073-269,boat
1073-270,boat
1073-271,boat
1073-272,boat
1073-273,boat
1073-274,boat
1073-275,boat
1073-300,boat
1073-301,boat
1073-302,boat
1073-303,boat
1073-304,boat
1073-305,boat
1073-306,boat
1073-307,boat
1073-308,boat
1073-309,boat
1073-310,boat
1073-311,boat
1074-0,calibration
1074-48,flow noise
1074-50,humpback
1074-53,humpback
1074-54,humpback
1079-0,calibration
1079-337,humpback
1079-338,humpback
1079-339,humpback
1079-343,humpback
1079-344,humpback
1082-0,calibration
1082-264,humpback
1082-265,humpback
1082-266,humpback
1082-267,humpback
1082-268,humpback
1082-269,humpback
1082-270,humpback
1082-271,humpback
1082-272,humpback
1082-273,humpback
1082-274,humpback
1087-0,calibration
1087-337,mooring
1087-338,mooring
1087-343,mooring
1087-344,mooring
11-0,calibration
11-336,humpback
11-337,humpback
11-338,humpback
11-339,helicopter
11-340,helicopter
11-341,helicopter-humpback
11-342,humpback
11-343,humpback
11-344,humpback
110-0,calibration
110-85,humpback
110-86,humpback
110-87,humpback
110-88,flow noise
110-89,flow noise
110-90,flow noise
110-91,flow noise
110-92,flow noise-humpback
110-93,humpback
110-94,humpback
1101-0,calibration
1101-218,humpback
1101-219,fish-humpback-mooring
1101-220,fish
1101-221,fish
1101-222,fish
1101-223,fish
1101-224,humpback
1104-0,calibration
1104-240,humpback
1104-241,humpback
1104-242,humpback
1104-243,humpback
1104-244,humpback
1104-245,humpback
1104-246,humpback
1104-247,humpback
1104-248,humpback
1104-249,humpback
1104-250,humpback
1104-251,humpback
1104-252,humpback
1104-60,humpback
1104-61,flow noise-humpback
1104-62,flow noise-humpback
1104-63,humpback
1104-64,humpback
1104-65,humpback
1104-66,humpback
1104-67,humpback
1104-68,humpback
1104-69,humpback
1104-70,humpback
1104-71,humpback
1109-0,calibration
1109-10,fish
1109-11,fish
1109-7,fish
1109-8,fish
1109-9,fish
1111-0,calibration
1111-304,flow noise
1111-305,flow noise
1111-306,flow noise
1111-307,flow noise
1114-0,calibration
1114-2,humpback
1114-3,humpback
1114-7,humpback
1114-8,humpback
1117-0,calibration
1117-264,flow noise-mooring
1117-265,flow noise-mooring
1117-266,flow noise
1117-267,flow noise
1117-268,flow noise
1117-270,flow noise
1117-271,flow noise
1117-274,flow noise
1117-275,flow noise
1126-0,calibration
1126-252,flow noise
1126-253,flow noise-mooring
1126-254,flow noise-mooring
1126-255,flow noise-mooring
1126-256,flow noise-mooring
1126-257,flow noise
1126-258,flow noise
1126-259,flow noise
1126-260,flow noise
1126-261,flow noise
1126-262,flow noise-mooring
1126-263,flow noise
1126-312,flow noise-mooring
1126-313,flow noise-mooring
1126-314,flow noise
1126-321,flow noise-mooring
1126-322,flow noise-mooring
1129-0,calibration
1129-255,mooring
1129-256,flow noise-mooring
1129-257,flow noise
1129-258,flow noise-mooring
1129-259,flow noise
1129-260,flow noise
1129-261,flow noise
1129-262,flow noise-mooring
1129-263,flow noise
1129-292,flow noise
1129-293,flow noise
1129-294,flow noise
1129-295,flow noise
1129-296,flow noise
1129-297,flow noise
1129-298,flow noise
1129-299,flow noise
1129-84,mooring
1129-85,mooring
1129-93,mooring
1129-94,flow noise-mooring
1129-95,flow noise
1135-0,calibration
1135-192,humpback
1135-193,humpback
1135-196,humpback
1135-200,humpback
1135-201,humpback
1150-0,calibration
1150-199,helicopter
1150-200,helicopter
1150-201,helicopter
1150-202,helicopter
1155-0,calibration
1155-288,humpback
1155-289,humpback
1155-290,humpback
1155-291,humpback
1155-292,humpback
1155-293,humpback
1155-294,humpback
1155-295,humpback
1155-296,humpback
1155-297,humpback
1155-298,humpback
1155-299,humpback
1155-37,humpback
1155-38,humpback
1155-42,humpback
1155-43,humpback
1155-46,humpback
1155-47,humpback
1157-0,calibration
1157-300,humpback
1157-301,humpback
1157-302,humpback
1157-303,humpback
1157-304,humpback
1157-305,humpback
1157-306,humpback
1157-307,humpback
1157-308,humpback
1157-309,humpback
1157-310,humpback
1157-311,humpback
1159-0,calibration
1159-48,humpback
1159-50,humpback
1159-52,humpback
1159-53,humpback
1159-55,humpback
1159-56,humpback
1159-57,humpback
1159-58,humpback
1164-0,calibration
1164-139,airplane
1164-140,airplane
1166-0,calibration
1166-351,humpback
1166-356,humpback
1166-357,humpback
1167-0,calibration
1167-24,flow noise
1167-25,flow noise
1167-26,flow noise
1167-27,flow noise
1167-28,flow noise
1167-29,flow noise
1167-30,flow noise
1167-31,flow noise
1167-32,flow noise
1167-33,flow noise
1167-34,flow noise
1168-0,calibration
1168-85,humpback
1168-86,humpback
1171-0,calibration
1171-158,flow noise
1171-159,flow noise
1171-160,flow noise
1171-161,flow noise-mooring
1171-162,flow noise-mooring
1171-163,flow noise-mooring
1171-164,flow noise
1171-165,flow noise
1171-166,flow noise
1171-167,flow noise
1171-216,mooring
1171-217,flow noise-mooring
1171-218,flow noise-mooring
1171-219,flow noise-mooring
1171-221,mooring
1171-222,flow noise
1171-223,flow noise-mooring
1171-224,flow noise-mooring
1171-225,flow noise-mooring
1171-226,mooring
1171-276,mooring
1171-277,mooring
1171-278,mooring
1171-279,mooring
1171-280,mooring
1171-281,flow noise
1171-282,flow noise-mooring
1171-286,mooring
1171-287,mooring
1171-312,mooring
1171-314,mooring
1171-315,mooring
1171-316,flow noise
1171-317,flow noise
1171-318,flow noise
1171-319,flow noise-mooring
1171-320,flow noise-mooring
1171-321,flow noise
1171-322,flow noise
1171-323,flow noise
1173-0,calibration
1173-163,mooring
1173-165,mooring
1173-259,mooring
1173-260,mooring
1173-261,mooring
1184-0,calibration
1184-121,flow noise
1184-122,flow noise-humpback
1184-123,humpback
1184-127,humpback
1184-128,humpback
1184-130,humpback
1184-131,humpback
1187-0,calibration
1187-156,humpback
1187-157,humpback
1187-158,humpback
1187-159,humpback
1187-160,humpback
1187-161,humpback
1187-162,humpback
1187-163,humpback
1187-164,humpback
1187-165,humpback
1187-166,humpback
1187-167,humpback
1187-168,humpback
1188-0,calibration
1188-324,flow noise
1188-325,flow noise
1188-326,flow noise
1188-327,flow noise
1188-328,flow noise-humpback
1188-329,flow noise
1188-330,flow noise-humpback
1188-331,flow noise-humpback
1188-332,flow noise
1188-334,humpback
1188-335,humpback
1191-0,calibration
1191-175,flow noise-mooring
1191-176,fish-flow noise-mooring
1191-177,flow noise
1191-178,flow noise
1191-216,flow noise
1191-217,flow noise
1191-218,flow noise
1191-219,flow noise
1191-220,flow noise
1191-223,flow noise
1191-241,flow noise
1191-242,flow noise
1191-243,flow noise
1191-244,flow noise-mooring
1191-245,mooring
1191-248,mooring
1191-249,mooring
1191-251,mooring
1191-307,mooring
1191-308,mooring
1191-352,flow noise
1191-353,flow noise-mooring
1191-354,flow noise-mooring
1191-54,flow noise
1191-55,flow noise
1197-0,calibration
1197-60,flow noise
1197-61,flow noise
1197-62,flow noise
1197-63,flow noise
1197-64,flow noise
1197-65,flow noise
1197-66,flow noise
1197-67,flow noise
1197-68,flow noise
1197-71,flow noise
120-0,calibration
120-100,humpback
120-104,humpback
120-105,humpback
120-106,fish
120-99,humpback
1205-0,calibration
1205-39,humpback
1205-40,humpback
1205-44,humpback
1205-45,humpback-mooring
1205-46,humpback-mooring
121-0,calibration
121-204,flow noise
121-205,flow noise
121-206,flow noise
121-207,flow noise
121-208,flow noise
121-209,flow noise
121-210,flow noise
121-211,flow noise
121-212,flow noise
121-213,flow noise
121-214,flow noise
121-215,flow noise
121-336,flow noise
121-337,flow noise
121-338,flow noise
121-339,flow noise
121-340,flow noise
121-341,flow noise
121-342,flow noise
121-343,flow noise
121-344,flow noise
121-345,flow noise
121-346,flow noise
121-347,flow noise
1210-0,calibration
1210-324,humpback
1210-325,humpback
1210-326,humpback
1210-330,humpback
1210-331,fish-humpback
1210-332,fish
1210-335,humpback
1220-0,calibration
1220-144,flow noise-mooring
1220-145,flow noise-mooring
1220-146,flow noise-mooring
1220-147,flow noise
1220-148,flow noise-mooring
1220-149,flow noise
1220-150,flow noise
1220-153,mooring
1220-154,mooring
1220-216,flow noise
1220-217,flow noise-mooring
1220-218,flow noise-mooring
1220-219,flow noise
1220-220,flow noise
1220-221,flow noise
1220-222,flow noise-mooring
1220-223,flow noise-mooring
1220-224,flow noise
1220-225,flow noise-mooring
1220-226,flow noise-mooring
1220-227,flow noise
1229-0,calibration
1229-156,humpback
1229-157,humpback
1229-158,humpback
1229-159,humpback
1229-160,humpback
1229-161,humpback
1229-162,humpback
1229-163,humpback
1229-164,humpback
1229-165,humpback
1229-166,humpback
1230-0,calibration
1230-264,humpback
1230-265,humpback
1230-266,humpback
1230-267,humpback
1230-268,humpback
1230-269,humpback
1230-270,humpback
1230-271,humpback
1230-272,humpback
1230-273,humpback
1230-274,humpback
1230-275,humpback
1230-276,humpback
1237-0,calibration
1237-88,flow noise
1237-89,flow noise
1237-90,flow noise
1237-91,flow noise
1237-92,flow noise
1237-93,flow noise
1237-94,flow noise
1237-95,flow noise
1240-0,calibration
1240-183,flow noise
1240-184,flow noise
1240-185,flow noise-mooring
1240-186,fish-flow noise
1240-187,fish-flow noise
1240-188,fish-flow noise-mooring
1240-189,flow noise-mooring
1240-190,flow noise
1241-0,calibration
1241-108,humpback
1241-109,humpback
1241-110,humpback
1241-111,humpback
1241-113,humpback
1241-114,humpback
1241-115,humpback
1241-116,flow noise-humpback
1241-117,flow noise
1241-118,flow noise-humpback
1241-119,flow noise-humpback
1241-216,humpback
1241-217,humpback
1241-218,humpback
1241-219,humpback
1241-220,humpback
1241-221,humpback
1241-222,humpback
1241-223,humpback
1241-224,flow noise-humpback
1241-225,flow noise-humpback
1241-226,humpback
1241-227,humpback
1241-228,humpback
1241-229,humpback
1241-230,flow noise-humpback
1241-231,flow noise
1241-232,flow noise
1241-233,flow noise
1241-234,flow noise
1241-235,flow noise-humpback
1241-236,flow noise-humpback
1241-237,humpback
1241-238,flow noise
1241-239,humpback
1241-240,humpback
1247-0,calibration
1247-148,fish
1247-149,fish
1247-154,mooring
1247-155,mooring
1259-0,calibration
1259-25,humpback
1259-26,humpback
1259-28,humpback
1259-34,airplane
1259-35,humpback
1265-0,calibration
1265-132,boat
1265-133,boat
1265-134,boat
1265-135,boat
1265-136,boat
1265-137,boat-flow noise
1265-138,boat-flow noise-humpback
1265-139,boat-flow noise
1265-140,boat-flow noise
1265-141,flow noise
1265-142,humpback
1265-143,boat
1267-0,calibration
1267-264,flow noise
1267-265,flow noise-humpback
1267-266,airplane-flow noise
1267-267,airplane-flow noise-humpback
1267-268,flow noise-humpback
1267-269,flow noise-humpback
1267-270,humpback
1267-271,flow noise-humpback
1267-272,flow noise-humpback
1267-273,humpback
1267-274,humpback
1267-275,humpback
1271-0,calibration
1271-267,humpback
1271-268,humpback
1271-272,humpback
1271-273,humpback
1271-274,humpback
1277-0,calibration
1277-264,boat-humpback
1277-265,boat-humpback
1277-266,boat-humpback
1277-267,boat-humpback
1277-268,boat-humpback
1277-269,boat-humpback
1277-270,boat-humpback
1277-271,boat-humpback
1277-272,boat
1277-273,boat-humpback
1277-274,boat-humpback
1277-275,boat
1283-0,calibration
1283-12,flow noise
1283-13,flow noise
1283-14,flow noise
1283-15,flow noise
1283-21,airplane
1283-22,airplane
1283-23,airplane
1288-0,calibration
1288-146,flow noise
1288-147,flow noise
1288-148,flow noise
1288-149,flow noise
1288-150,flow noise
1288-151,flow noise
1288-152,flow noise
1288-154,flow noise
1288-155,flow noise
1292-0,calibration
1292-36,boat
1292-37,boat
1292-38,boat
1292-39,boat
1292-40,boat
1292-41,boat
1292-42,boat-flow noise
1292-43,boat-flow noise
1292-44,boat
1292-45,boat
1292-46,boat
1292-47,boat
1298-0,calibration
1298-126,mooring
1298-127,mooring
13-0,calibration
13-37,humpback
13-38,humpback
13-40,humpback
13-42,airplane
13-43,airplane
13-46,humpback
1304-0,calibration
1304-332,flow noise
1304-333,flow noise
1304-334,flow noise
1304-335,flow noise
1305-0,calibration
1305-132,flow noise
1305-133,flow noise
1305-137,mooring
1305-138,mooring
1305-139,mooring
131-0,calibration
131-267,mooring
131-268,mooring
131-270,mooring
131-271,mooring
131-272,mooring
1324-0,calibration
1324-132,flow noise
1324-133,flow noise
1324-134,flow noise
1324-135,flow noise
1324-136,fish-humpback
1324-137,fish
1324-138,mooring
133-0,calibration
133-24,flow noise
133-28,humpback
133-29,humpback-mooring
133-30,flow noise-humpback-mooring
133-31,flow noise
133-32,flow noise
133-33,flow noise-humpback
133-34,humpback
133-35,flow noise-mooring
137-0,calibration
137-213,fish
137-214,fish
146-0,calibration
146-108,flow noise-humpback
146-109,flow noise
146-110,flow noise-humpback
146-111,flow noise-humpback
146-112,flow noise
146-113,flow noise
146-114,flow noise
146-115,flow noise
146-116,flow noise-humpback
146-117,flow noise
146-118,flow noise-humpback
146-119,humpback
150-0,calibration
150-216,humpback
150-217,humpback
150-222,humpback
150-227,humpback
155-0,calibration
155-276,humpback
155-277,fish
155-278,fish
155-279,fish-humpback
155-280,humpback
155-285,humpback
155-50,humpback
155-51,humpback
155-52,humpback
155-55,humpback
155-58,humpback
155-59,humpback
159-0,calibration
159-84,fish
159-85,fish-helicopter
159-86,fish-helicopter
159-87,helicopter
162-0,calibration
162-145,flow noise-mooring
162-146,flow noise
162-147,flow noise
162-148,flow noise-mooring
162-149,flow noise-mooring
162-150,flow noise
162-151,flow noise
162-152,flow noise
163-0,calibration
163-58,airplane
163-59,airplane
166-0,calibration
166-265,humpback
166-266,humpback
166-267,humpback
166-268,humpback
166-269,humpback
166-270,humpback
166-271,humpback
166-274,humpback
166-275,humpback
169-0,calibration
169-171,flow noise
169-172,flow noise
169-173,flow noise
169-174,flow noise
169-175,flow noise
169-176,flow noise
169-177,flow noise-humpback
169-178,flow noise-humpback
169-179,flow noise-humpback
169-337,flow noise
169-338,flow noise
169-339,flow noise
169-340,flow noise
169-341,flow noise
169-342,flow noise
169-343,flow noise
169-344,flow noise
171-0,calibration
171-293,mooring
171-294,mooring
175-0,calibration
175-147,flow noise
175-148,flow noise-mooring
175-149,mooring
175-150,mooring
175-152,airplane
175-153,airplane
175-168,flow noise-mooring
175-169,flow noise
175-170,flow noise
175-174,helicopter
175-175,helicopter
175-176,helicopter
175-177,flow noise-mooring
175-178,flow noise-mooring
175-179,flow noise-mooring
182-0,calibration
182-48,humpback
182-49,humpback
182-50,flow noise-humpback
182-51,flow noise-humpback
182-52,flow noise-humpback
182-53,humpback
182-54,humpback
182-55,humpback
182-56,flow noise-humpback
182-57,flow noise-humpback
182-58,humpback
182-59,humpback
183-0,calibration
183-109,mooring
183-110,mooring
192-0,calibration
192-120,humpback
192-124,humpback
192-125,humpback
192-129,humpback
192-130,humpback
192-131,humpback
193-0,calibration
193-300,flow noise-humpback
193-301,flow noise-humpback
193-302,humpback
193-303,humpback
193-308,humpback
194-0,calibration
194-72,flow noise
194-73,flow noise-mooring
194-74,flow noise-mooring
194-77,flow noise-mooring
194-78,flow noise
194-79,flow noise
194-80,mooring
194-81,mooring
194-82,flow noise-mooring
194-83,flow noise-mooring
202-0,calibration
202-163,helicopter
202-164,helicopter
202-165,helicopter
202-312,fish
202-318,helicopter
202-319,helicopter
202-320,helicopter
202-322,mooring
202-323,mooring
204-0,calibration
204-336,humpback
204-339,humpback
204-340,humpback
204-341,humpback
204-343,humpback
204-344,humpback
204-345,humpback-mooring
204-346,humpback-mooring
206-0,calibration
206-12,humpback
206-13,humpback
206-14,humpback
206-15,humpback
206-16,humpback
206-17,humpback
206-18,humpback
206-19,humpback
206-20,humpback
206-21,humpback
206-22,humpback
206-23,humpback
206-240,humpback
206-241,humpback
206-244,humpback
206-245,humpback
206-246,humpback
206-248,humpback
206-250,humpback
206-251,humpback
211-0,calibration
211-204,flow noise
211-205,flow noise-mooring
211-206,flow noise-mooring
211-207,flow noise
211-208,flow noise
211-210,flow noise
211-211,flow noise
211-212,flow noise
211-213,flow noise-mooring
211-214,flow noise-mooring
211-215,mooring
211-216,flow noise
211-220,mooring
211-222,flow noise
211-223,flow noise-mooring
211-224,flow noise
211-225,flow noise-mooring
211-226,mooring
211-227,flow noise
221-0,calibration
221-312,flow noise
221-314,flow noise
221-315,flow noise
221-316,flow noise
221-317,flow noise
221-318,flow noise
221-319,flow noise
221-320,flow noise
221-321,flow noise
225-0,calibration
225-240,humpback
225-241,humpback
225-242,humpback
225-243,humpback
225-244,humpback
225-245,humpback
225-246,humpback
225-249,humpback
225-250,humpback
226-0,calibration
226-193,mooring
226-194,mooring
226-195,mooring
226-196,humpback
226-197,humpback
226-198,humpback-mooring
226-199,mooring
226-200,mooring
226-202,humpback
226-203,humpback
229-0,calibration
229-312,humpback
229-315,humpback
229-316,humpback
229-317,humpback
229-318,humpback
229-320,humpback
229-321,humpback
229-322,humpback
232-0,calibration
232-136,helicopter
232-137,helicopter
232-138,helicopter
232-139,helicopter
234-0,calibration
234-265,humpback
234-266,humpback
234-267,humpback
234-273,humpback
238-0,calibration
238-218,humpback
238-219,humpback
238-224,humpback
238-227,humpback
241-0,calibration
241-4,mooring
241-5,mooring
244-0,calibration
244-124,humpback
244-125,humpback
244-126,humpback
244-128,humpback
244-129,fish-humpback
244-130,fish-humpback
244-131,humpback
244-132,humpback
247-0,calibration
247-10,flow noise
247-11,flow noise-mooring
247-2,mooring
247-216,flow noise
247-217,flow noise
247-218,flow noise-mooring
247-219,mooring
247-220,mooring
247-221,flow noise
247-222,flow noise-mooring
247-223,flow noise-mooring
247-224,flow noise-mooring
247-225,flow noise-mooring
247-226,flow noise
247-227,flow noise-mooring
247-4,mooring
247-5,flow noise
247-6,flow noise-mooring
247-7,flow noise-mooring
247-8,flow noise-mooring
247-9,flow noise-mooring
250-0,calibration
250-300,humpback
250-301,humpback
250-302,humpback
250-303,humpback
250-304,humpback
250-305,humpback
250-306,humpback
250-307,humpback
250-311,humpback
254-0,calibration
254-52,mooring
254-53,mooring
254-54,mooring
254-55,mooring
254-56,mooring
254-57,mooring
254-59,mooring
255-0,calibration
255-240,humpback
255-241,humpback
255-242,humpback
255-243,humpback
255-244,humpback
255-245,humpback
255-246,humpback
255-247,humpback
255-248,humpback
255-249,humpback
255-250,humpback
255-251,humpback
259-0,calibration
259-216,humpback
259-217,humpback
259-218,humpback
259-219,humpback
259-220,humpback
259-221,humpback
259-227,humpback
259-74,humpback
259-75,humpback
259-76,humpback
259-79,humpback
259-80,humpback
260-0,calibration
260-36,humpback
260-37,humpback
260-38,humpback
260-39,humpback
260-40,humpback
260-41,humpback
260-42,humpback
260-43,humpback
260-44,humpback
260-45,humpback
260-46,humpback
260-47,humpback
260-72,humpback
260-73,humpback
260-74,humpback
260-75,humpback
260-76,humpback
260-77,humpback
260-78,humpback
260-79,humpback
260-80,humpback
260-81,humpback
260-82,humpback
271-0,calibration
271-133,mooring
271-134,flow noise-mooring
271-137,mooring
271-138,flow noise-mooring
271-139,flow noise
271-140,flow noise
271-141,flow noise
271-142,flow noise
271-143,flow noise
274-0,calibration
274-301,mooring
274-302,mooring
274-303,mooring
274-304,mooring
274-305,mooring
274-306,mooring
274-307,mooring
280-0,calibration
280-300,flow noise-humpback
280-301,flow noise-humpback
280-302,flow noise
280-303,flow noise
280-304,flow noise
280-305,flow noise
280-306,flow noise-humpback
280-307,flow noise-humpback
280-308,humpback
280-309,flow noise
280-310,flow noise
280-311,flow noise
283-0,calibration
283-337,humpback
283-338,humpback
283-339,humpback
283-340,humpback
283-341,humpback
283-342,humpback
283-343,humpback
283-344,humpback
283-345,humpback
283-346,humpback
283-347,humpback
286-0,calibration
286-48,humpback
286-50,fish
286-51,fish
286-52,fish
286-53,humpback
286-55,flow noise
286-58,humpback
288-0,calibration
288-205,humpback
288-210,humpback
288-211,humpback
289-0,calibration
289-315,humpback
289-316,humpback
289-321,humpback
289-322,humpback
294-0,calibration
294-288,airplane
294-289,airplane
294-291,humpback
294-292,humpback
294-295,humpback
294-296,humpback
294-297,humpback
294-314,humpback
294-318,helicopter
294-319,helicopter
294-320,helicopter
294-321,helicopter
306-0,calibration
306-87,mooring
306-92,flow noise
306-94,mooring
312-0,calibration
312-184,mooring
312-185,humpback-mooring
312-190,humpback
312-348,humpback
312-349,flow noise
312-350,flow noise
312-351,flow noise
312-352,flow noise-mooring
312-353,flow noise
312-354,humpback
312-355,humpback
312-356,flow noise
312-357,flow noise
312-358,mooring
314-0,calibration
314-49,flow noise
314-50,flow noise
314-51,flow noise
314-54,mooring
314-55,mooring
314-58,mooring
314-59,mooring
316-0,calibration
316-324,flow noise
316-325,flow noise-mooring
316-326,flow noise-mooring
316-328,flow noise
316-329,fish
316-330,fish
316-334,fish
319-0,calibration
319-276,humpback
319-277,humpback
319-278,humpback
319-279,humpback
319-280,humpback
319-281,humpback
319-282,humpback
319-283,humpback
319-284,humpback
319-285,humpback
319-286,humpback
319-287,humpback
324-0,calibration
324-170,humpback
324-174,humpback
324-178,humpback
324-179,humpback
326-0,calibration
326-207,humpback
326-211,humpback
328-0,calibration
328-120,humpback
328-121,flow noise-humpback
328-122,flow noise-humpback
328-123,humpback
328-124,humpback
328-125,flow noise-humpback
328-126,flow noise-humpback
328-127,humpback
328-128,humpback
328-129,airplane
328-130,airplane
328-131,flow noise
328-156,flow noise-humpback
328-157,flow noise
328-158,flow noise
328-159,flow noise-humpback
328-160,flow noise-humpback
328-161,flow noise-helicopter-humpback
328-162,flow noise-helicopter
328-163,flow noise-helicopter-humpback
328-165,flow noise
328-166,flow noise-humpback
328-167,humpback
328-181,flow noise-humpback
328-182,humpback
328-183,humpback
328-184,humpback
328-186,humpback
328-187,flow noise
328-188,flow noise-humpback
328-189,humpback
328-190,airplane
328-191,airplane
328-204,humpback
328-205,helicopter
328-206,helicopter
328-207,helicopter
328-210,humpback
328-211,humpback
328-212,flow noise-humpback
328-213,flow noise
328-214,flow noise
328-240,humpback
328-245,humpback
328-246,humpback
328-247,humpback
328-250,airplane
328-251,airplane
328-36,airplane
328-37,airplane
328-38,humpback
328-39,humpback
328-40,humpback
328-41,humpback
328-42,humpback
328-43,humpback
328-44,humpback
328-45,humpback
328-46,humpback
333-0,calibration
333-339,humpback-mooring
333-340,flow noise-mooring
333-341,flow noise
333-342,flow noise
333-343,flow noise
336-0,calibration
336-204,mooring
336-205,mooring
336-206,mooring
336-207,mooring
336-208,mooring
336-209,mooring
336-210,flow noise-mooring
336-211,mooring
336-214,mooring
341-0,calibration
341-276,humpback
341-277,humpback
341-278,humpback
341-283,flow noise
341-284,flow noise-humpback
341-285,flow noise-humpback
344-0,calibration
344-1,mooring
344-10,mooring
344-120,mooring
344-121,mooring
344-122,mooring
344-2,mooring
344-241,mooring
344-242,fish
344-243,fish
344-29,mooring
344-3,mooring
344-354,airplane
344-355,airplane
344-356,airplane
344-5,mooring
344-6,mooring
344-8,mooring
344-9,mooring
35-0,calibration
35-124,humpback
35-125,humpback
35-129,humpback
35-130,humpback
350-0,calibration
350-289,mooring
350-290,mooring
350-291,flow noise-mooring
350-292,flow noise-humpback
350-299,humpback
354-0,calibration
354-147,humpback
354-148,humpback
354-149,humpback
361-0,calibration
361-228,humpback
361-229,fish-humpback
361-230,fish-humpback
361-231,fish-humpback
361-232,airplane-humpback
361-233,airplane
361-234,airplane-humpback
361-235,humpback
361-236,humpback
361-237,humpback
361-238,humpback
361-239,humpback
368-0,calibration
368-75,mooring
368-76,mooring
368-77,flow noise-mooring
368-78,flow noise
368-79,flow noise
368-80,flow noise
368-81,flow noise
368-82,mooring
371-0,calibration
371-300,flow noise-humpback
371-301,flow noise-humpback
371-302,flow noise
374-0,calibration
374-120,mooring
374-121,mooring
374-122,flow noise
374-123,flow noise
374-125,mooring
374-264,flow noise
374-265,flow noise-mooring
374-266,flow noise
374-271,mooring
374-273,mooring
374-274,mooring
374-324,flow noise
374-325,flow noise
374-326,flow noise
374-328,flow noise
374-329,flow noise
374-330,flow noise-mooring
374-331,mooring
374-334,mooring
374-335,mooring
379-0,calibration
379-168,humpback
379-169,humpback
379-170,humpback
379-171,humpback
379-172,flow noise-humpback
379-173,flow noise-humpback
379-174,humpback
379-175,flow noise
379-176,flow noise
379-179,humpback
383-0,calibration
383-288,humpback
383-289,humpback
383-290,humpback
383-291,humpback
383-292,humpback
383-293,humpback
383-294,humpback
383-295,humpback
383-296,humpback
383-297,humpback
383-298,humpback
383-299,humpback
383-300,humpback
383-301,humpback
383-302,humpback
383-303,humpback
383-305,humpback
383-306,humpback
383-307,humpback
383-308,humpback
383-309,humpback
383-310,humpback
383-311,humpback
383-350,fish
383-351,fish
383-352,fish
383-353,fish
383-354,fish
383-355,fish
383-357,fish
383-358,fish
383-359,fish
393-0,calibration
393-169,humpback
393-170,humpback
393-171,humpback
393-172,humpback
393-173,humpback
393-176,humpback
393-177,humpback
393-178,humpback
398-0,calibration
398-132,flow noise-humpback
398-133,flow noise-humpback
398-134,flow noise-humpback
398-136,flow noise
398-137,flow noise
398-138,flow noise-humpback
398-139,flow noise-humpback
398-140,humpback
398-143,flow noise
400-0,calibration
400-97,airplane
400-98,airplane
402-0,calibration
402-108,humpback
402-111,mooring
402-113,humpback
402-114,humpback
402-115,flow noise-humpback
402-117,flow noise
402-118,flow noise
404-0,calibration
404-276,humpback
404-279,humpback
404-280,humpback
404-283,humpback
404-284,humpback
404-285,humpback
407-0,calibration
407-324,flow noise-humpback
407-325,flow noise-humpback
407-326,flow noise-humpback
407-327,flow noise
407-328,flow noise
407-329,flow noise
407-330,flow noise
407-331,flow noise-humpback
407-332,flow noise-humpback
407-333,flow noise-humpback
407-334,flow noise-humpback
407-335,flow noise-humpback
412-0,calibration
412-276,humpback
412-281,humpback
412-286,humpback
416-0,calibration
416-120,flow noise
416-121,flow noise-humpback
416-122,flow noise
416-123,flow noise
416-124,flow noise-humpback
416-125,flow noise-humpback
416-126,flow noise
416-127,flow noise
416-128,flow noise-humpback
417-0,calibration
417-132,humpback
417-133,humpback
417-134,humpback
417-135,humpback
417-136,humpback
417-137,humpback
417-138,humpback
417-139,humpback
417-140,humpback
417-141,humpback
417-142,humpback
420-0,calibration
420-204,flow noise
420-205,flow noise
420-206,flow noise
420-207,flow noise
420-208,flow noise-humpback
420-209,flow noise
420-210,flow noise
420-211,flow noise
420-212,flow noise
420-213,flow noise
420-214,flow noise
420-215,flow noise
420-61,flow noise
420-62,flow noise
420-63,flow noise
420-64,flow noise
420-65,flow noise
420-66,flow noise
422-0,calibration
422-300,flow noise
422-301,flow noise
422-302,flow noise
422-303,flow noise
422-304,flow noise
422-305,flow noise
422-306,flow noise
424-0,calibration
424-205,airplane
425-0,calibration
425-301,mooring
425-302,mooring
425-303,mooring
425-308,mooring
425-309,mooring
425-310,mooring
43-0,calibration
43-216,fish
43-219,flow noise
43-220,flow noise
43-221,flow noise
43-222,flow noise
43-223,flow noise
43-224,flow noise
43-225,flow noise
433-0,calibration
433-144,flow noise-humpback
433-145,flow noise-humpback
433-146,flow noise-humpback
433-147,flow noise-humpback
433-148,flow noise-humpback
433-149,flow noise-humpback
433-150,flow noise-humpback
433-151,flow noise-humpback
433-152,humpback
44-0,calibration
44-122,helicopter
44-123,helicopter
44-124,helicopter
444-0,calibration
444-264,flow noise
444-265,flow noise-humpback
444-266,flow noise-humpback
444-267,flow noise-humpback
444-268,flow noise
444-269,flow noise
444-270,flow noise-humpback
444-271,humpback
444-272,humpback
444-273,flow noise-humpback
444-274,flow noise-humpback
444-275,flow noise-humpback
448-0,calibration
448-170,flow noise
448-171,flow noise
448-172,mooring
448-174,flow noise
448-175,flow noise-mooring
448-176,flow noise-mooring
448-177,mooring
448-178,mooring
449-0,calibration
449-13,humpback
449-14,humpback
449-15,humpback
449-158,humpback
449-159,humpback
449-165,humpback
449-166,humpback
449-167,humpback
449-20,humpback
449-21,humpback
466-0,calibration
466-204,flow noise
466-205,flow noise
466-206,flow noise
466-207,flow noise
466-208,flow noise
466-209,flow noise
466-210,flow noise
466-211,flow noise
466-212,flow noise
466-213,flow noise
466-214,flow noise
466-215,flow noise
467-0,calibration
467-168,flow noise
467-169,flow noise
467-170,flow noise
467-171,flow noise
467-172,flow noise
467-173,flow noise
467-174,flow noise
467-175,flow noise
467-176,flow noise
470-0,calibration
470-324,flow noise
470-325,flow noise
470-331,flow noise-mooring
470-332,flow noise
470-333,flow noise
470-334,flow noise
470-335,flow noise
475-0,calibration
475-300,humpback
475-301,humpback
475-302,humpback
475-303,humpback
475-304,humpback
475-305,humpback
475-306,humpback
475-307,humpback
475-308,humpback
475-309,humpback
475-310,humpback
475-311,humpback
476-0,calibration
476-245,mooring
476-246,mooring
480-0,calibration
480-240,mooring
480-241,mooring
480-247,mooring
480-248,mooring
480-7,mooring
481-0,calibration
481-25,fish
481-26,fish
481-28,fish-mooring
481-29,fish
481-30,fish
481-31,fish-mooring
481-32,fish
481-33,mooring
481-34,mooring
481-35,mooring
481-37,mooring
481-38,mooring
481-41,flow noise-mooring
481-42,flow noise-mooring
482-0,calibration
482-144,mooring
482-145,mooring
482-151,mooring
482-152,mooring
482-153,mooring
482-154,mooring
482-255,flow noise
482-256,flow noise
482-261,flow noise
482-262,flow noise
482-263,flow noise
482-60,flow noise
482-61,flow noise
482-66,mooring noise
482-67,mooring noise
482-68,mooring noise
482-69,flow noise-mooring noise
482-70,flow noise
5-0,calibration
5-134,mooring
5-138,mooring
501-0,calibration
501-100,flow noise
501-101,flow noise
501-102,flow noise
501-103,flow noise
501-104,flow noise
501-115,fish
501-116,fish
501-117,fish
501-96,flow noise
501-97,flow noise
501-98,flow noise
501-99,flow noise
504-0,calibration
504-108,humpback
504-109,humpback
504-110,humpback
504-112,flow noise
504-113,flow noise
504-114,humpback
504-115,flow noise-humpback
504-116,flow noise-humpback
504-118,flow noise
504-119,flow noise-humpback
504-120,humpback
504-180,flow noise-humpback
504-181,flow noise-humpback
504-182,flow noise-humpback-mooring
504-183,flow noise-humpback
504-184,humpback
504-185,humpback
504-186,humpback
504-187,humpback
504-188,flow noise-humpback
504-189,flow noise
504-190,flow noise-humpback
504-191,flow noise-humpback
506-0,calibration
506-114,mooring
506-115,mooring
506-124,mooring
506-125,mooring
506-130,mooring
506-133,mooring
506-138,mooring
506-139,mooring
506-143,mooring
506-181,mooring
506-184,mooring
506-185,mooring
506-187,mooring
506-190,mooring
506-192,mooring
506-193,mooring
506-197,mooring
506-198,mooring
506-200,mooring
506-201,mooring
506-30,fish
506-306,mooring
506-31,fish
506-318,mooring
506-319,mooring
507-0,calibration
507-133,humpback
507-134,humpback
507-135,humpback
507-138,humpback
507-141,humpback
507-142,humpback
508-0,calibration
508-50,mooring
508-52,flow noise
508-53,flow noise-mooring
508-56,flow noise
508-57,mooring
508-59,mooring
511-0,calibration
511-84,humpback
511-85,humpback
511-86,humpback
511-87,humpback
511-88,humpback
511-89,humpback
511-90,humpback
511-91,humpback
511-92,humpback
511-93,humpback
511-94,humpback
511-95,humpback
512-0,calibration
512-234,mooring
519-0,calibration
519-240,humpback
519-241,humpback
519-242,humpback
519-243,humpback
519-244,humpback
519-245,humpback
519-246,humpback
519-247,humpback
519-248,flow noise-humpback
523-0,calibration
523-336,flow noise
523-337,flow noise-mooring
523-338,flow noise-mooring
523-339,flow noise
523-340,flow noise
523-341,flow noise
523-342,flow noise
523-343,flow noise
523-344,flow noise
523-345,flow noise
523-346,flow noise
523-347,flow noise
523-60,flow noise
523-61,flow noise
523-62,flow noise
523-63,flow noise
523-64,flow noise
523-65,flow noise
523-66,flow noise
523-67,flow noise
523-68,flow noise
523-69,flow noise
524-0,calibration
524-192,flow noise
524-193,flow noise
524-194,flow noise
524-195,flow noise
524-196,flow noise
524-200,flow noise
524-201,flow noise
524-203,humpback
529-0,calibration
529-278,fish
529-279,fish
529-280,fish
529-281,fish
529-286,mooring
529-288,mooring
530-0,calibration
530-252,humpback
530-253,humpback
530-254,humpback
530-255,humpback
530-256,humpback
530-257,humpback
530-258,humpback
530-259,humpback
530-261,flow noise
530-262,flow noise-humpback
530-263,humpback
533-0,calibration
533-214,fish
533-234,mooring
533-239,mooring
533-349,mooring
533-354,mooring
533-355,mooring
533-356,mooring
533-357,mooring
534-0,calibration
534-48,flow noise
534-49,flow noise
540-0,calibration
540-84,mooring
540-85,mooring
540-86,mooring
540-87,flow noise-mooring
540-88,flow noise
540-89,flow noise
540-90,flow noise
540-91,flow noise
540-92,flow noise
540-93,flow noise
540-94,flow noise
540-95,flow noise
543-0,calibration
543-204,humpback
543-205,humpback
543-206,humpback
543-209,flow noise-humpback
543-210,humpback
543-215,humpback
544-0,calibration
544-218,flow noise
544-219,flow noise
544-220,flow noise
544-221,flow noise
544-222,flow noise
544-223,flow noise
545-0,calibration
545-73,humpback
545-78,humpback
545-79,humpback
545-80,humpback
546-0,calibration
546-10,helicopter-mooring
546-11,mooring
546-220,helicopter
546-221,helicopter
546-61,mooring
546-62,mooring
546-63,helicopter
546-64,flow noise-helicopter
546-65,flow noise
546-8,helicopter
546-9,helicopter
548-0,calibration
548-279,mooring
548-281,flow noise-mooring
55-0,calibration
55-231,humpback
55-233,humpback
55-235,humpback
55-237,humpback
55-239,humpback
551-0,calibration-mooring
551-10,mooring
551-106,helicopter
551-107,helicopter
551-12,mooring
551-120,mooring
551-122,mooring
551-123,mooring
551-127,fish-mooring
551-13,mooring
551-131,mooring
551-14,mooring
551-15,mooring
551-205,mooring
551-206,mooring
551-207,mooring
551-21,mooring
551-212,mooring
551-213,mooring
551-214,mooring
551-22,mooring
551-23,mooring
551-254,mooring
551-255,mooring
551-258,fish
551-259,fish-mooring
551-260,mooring
551-261,mooring
551-262,mooring
551-263,mooring
551-324,mooring
551-325,mooring
551-326,mooring
551-327,mooring
551-328,mooring
551-329,mooring
551-331,mooring
551-332,mooring
551-4,mooring
551-96,mooring
552-0,calibration
552-122,mooring
552-123,humpback
552-124,humpback
552-128,flow noise-humpback
552-129,flow noise-humpback
552-130,flow noise
552-131,flow noise
561-0,calibration
561-192,flow noise
561-199,mooring
561-200,airplane
561-201,airplane
561-202,airplane
562-0,calibration
562-265,flow noise-mooring
562-266,flow noise
562-268,mooring
562-269,mooring
562-270,mooring
562-271,mooring
562-272,mooring
562-273,mooring
565-0,calibration
565-35,humpback
566-0,calibration
566-181,mooring
566-182,mooring
566-183,flow noise
566-185,mooring
566-188,mooring
566-189,mooring
566-190,mooring
566-253,mooring
566-254,mooring
566-255,mooring
566-256,mooring
566-261,mooring
566-262,mooring
566-48,mooring
566-49,mooring
566-50,mooring
566-52,mooring
566-53,flow noise-mooring
566-54,flow noise
566-55,flow noise
566-56,flow noise
571-0,calibration
571-136,mooring
571-137,mooring
571-139,mooring
571-140,mooring
571-289,mooring
571-290,mooring
571-292,mooring
571-293,mooring
571-294,fish
571-295,fish
571-296,mooring
571-64,mooring
571-65,mooring
574-0,calibration
574-349,flow noise
574-350,flow noise
574-351,flow noise
574-352,flow noise
574-353,flow noise
574-355,airplane
574-356,airplane
574-357,airplane
574-36,flow noise
574-37,flow noise
574-38,flow noise
574-39,flow noise
574-40,flow noise
574-41,flow noise-mooring
574-42,flow noise-mooring
574-43,flow noise
574-44,flow noise
574-45,flow noise
574-46,flow noise
574-47,flow noise
585-0,calibration
585-312,humpback
585-313,humpback
585-314,humpback
585-316,humpback
585-317,humpback
585-318,humpback
585-319,humpback
585-322,humpback
585-323,humpback
589-0,calibration
589-216,flow noise
589-217,flow noise-mooring
589-218,flow noise-mooring
589-219,flow noise
589-220,flow noise
589-41,mooring
59-0,calibration
59-152,helicopter
59-153,helicopter
59-154,helicopter-humpback
59-217,helicopter
59-218,helicopter
59-219,helicopter
59-220,helicopter-humpback
59-221,humpback
59-222,humpback
59-223,humpback
59-224,humpback
59-225,humpback
59-226,humpback
59-227,humpback
591-0,calibration
591-343,flow noise
591-344,flow noise
591-345,flow noise
591-346,flow noise
598-0,calibration
598-24,humpback
598-25,humpback
598-26,humpback
598-27,humpback
598-28,humpback
598-29,humpback
598-30,humpback
598-31,humpback
598-32,humpback
598-33,humpback
598-34,humpback
598-35,humpback
604-0,calibration
604-170,humpback
604-171,humpback
604-176,humpback
604-177,humpback
604-206,humpback
604-207,flow noise
604-208,flow noise
604-209,humpback
604-210,humpback
604-211,humpback
604-213,humpback
604-214,humpback
612-0,calibration
612-289,flow noise
612-290,flow noise
612-291,flow noise
612-292,flow noise
612-293,flow noise-mooring
612-294,mooring
612-295,mooring
612-297,mooring
612-298,mooring
617-0,calibration
617-350,flow noise
617-351,flow noise
617-352,flow noise-mooring
617-353,flow noise-mooring
617-354,flow noise
617-357,flow noise
617-358,flow noise
627-0,calibration
627-218,fish
627-219,fish
627-220,fish
627-221,fish
627-222,fish
627-223,fish
627-224,fish
627-225,fish
627-226,fish
627-227,fish
63-0,calibration
63-253,humpback
63-256,humpback
63-257,humpback
63-258,humpback
63-260,humpback
63-261,flow noise-humpback
63-262,flow noise-humpback
63-263,flow noise
650-0,calibration
650-109,mooring
650-110,mooring
650-111,flow noise-mooring
650-114,mooring
650-115,mooring
650-116,mooring
650-117,flow noise
650-118,flow noise
650-119,flow noise
651-0,calibration
651-324,flow noise
651-325,flow noise
651-326,flow noise
651-327,flow noise
651-328,flow noise
651-329,flow noise
651-332,flow noise
651-333,flow noise
651-72,flow noise
651-77,flow noise
651-78,flow noise
651-80,flow noise
651-81,flow noise
651-82,flow noise
651-83,flow noise
655-0,calibration
655-36,humpback
655-37,humpback
655-38,humpback
655-39,humpback
655-40,humpback
655-41,humpback
655-42,flow noise-humpback
655-43,flow noise-humpback
655-44,humpback
655-45,humpback
655-46,humpback
655-47,humpback
660-0,calibration
660-300,flow noise
660-301,flow noise
660-302,humpback
660-303,flow noise
660-304,humpback
660-307,flow noise
660-308,flow noise-humpback
660-309,humpback
660-310,flow noise-humpback
660-311,flow noise
663-0,calibration
663-24,flow noise
663-25,flow noise
663-26,flow noise
663-27,flow noise
663-28,flow noise
663-29,flow noise
663-30,flow noise
663-31,flow noise
663-34,flow noise
663-35,flow noise
674-0,calibration
674-216,flow noise
674-217,flow noise
674-218,fish
674-219,fish
674-220,fish
674-221,fish
674-223,fish
674-224,fish-mooring
674-225,mooring
674-226,mooring
674-227,flow noise-mooring
677-0,calibration
677-108,flow noise
677-109,flow noise
677-110,flow noise
677-111,flow noise
677-112,flow noise
677-113,flow noise
677-114,flow noise
677-115,flow noise
677-116,flow noise-mooring
677-117,flow noise
677-118,flow noise
677-119,flow noise
679-0,calibration
679-120,humpback
679-121,humpback
679-122,humpback
679-123,humpback
679-124,humpback
679-125,humpback
679-126,humpback
679-127,humpback
679-128,humpback
679-129,humpback
679-130,humpback
679-131,humpback
685-0,calibration
685-216,mooring
685-217,mooring
685-219,mooring
685-222,mooring
685-223,mooring
685-224,mooring
686-0,calibration-humpback
686-1,humpback
686-11,mooring
686-239,fish
686-240,fish
686-241,fish
686-242,fish
686-243,fish
686-244,fish
686-245,fish
686-246,fish
686-247,fish
686-248,humpback
686-249,humpback
686-250,humpback
686-251,humpback
686-264,humpback
686-265,humpback
686-266,humpback
686-267,humpback
686-268,humpback
686-269,humpback
686-270,humpback
686-271,humpback
686-272,airplane-humpback
686-273,airplane-humpback
686-274,humpback
686-275,humpback
686-319,helicopter
686-320,helicopter
686-321,helicopter
686-322,helicopter
686-351,airplane
686-352,airplane-humpback
686-353,humpback
686-355,humpback
686-356,humpback
686-357,humpback
686-358,humpback
686-359,humpback
686-5,humpback
686-72,fish
686-73,airplane-fish
686-74,airplane-humpback
686-75,humpback
686-76,humpback
686-77,humpback
686-78,humpback
686-79,humpback
686-8,airplane
686-80,humpback
686-81,humpback
686-82,humpback
686-83,humpback
686-9,airplane
7-0,calibration
7-216,humpback
7-217,humpback
7-218,humpback
7-219,humpback
7-220,humpback
7-221,humpback
7-222,humpback
7-223,humpback
7-224,humpback
7-225,humpback
713-0,calibration
713-290,flow noise-humpback
713-291,humpback
713-292,flow noise
713-293,flow noise
713-294,flow noise-humpback
713-295,flow noise-humpback
713-296,flow noise
713-297,flow noise
713-298,flow noise
713-299,flow noise-humpback
713-84,flow noise
713-85,flow noise
713-86,flow noise
713-87,flow noise-humpback
713-88,flow noise
713-89,flow noise
713-90,flow noise
713-91,flow noise
713-92,flow noise-humpback
713-93,flow noise-humpback
713-94,flow noise
713-95,flow noise
715-0,calibration
715-145,mooring
715-147,flow noise-mooring
715-148,mooring
715-152,flow noise
715-153,flow noise
716-0,calibration
716-210,airplane
716-211,airplane
716-329,airplane
716-330,airplane
716-331,airplane
717-0,calibration
717-124,humpback
717-125,humpback
717-127,mooring
717-129,mooring
717-131,humpback
719-0,calibration
719-168,humpback
719-169,humpback
719-171,humpback
719-173,flow noise
719-174,flow noise
719-175,flow noise
719-176,humpback
719-177,flow noise-humpback
719-178,flow noise-humpback
719-252,flow noise
719-253,flow noise-humpback
719-254,flow noise-humpback
719-255,humpback
719-256,humpback
719-257,humpback
719-258,humpback
719-260,humpback
719-261,humpback
719-262,humpback
719-263,humpback
722-0,calibration
722-180,humpback
722-181,humpback
722-182,humpback
722-183,humpback
722-185,humpback
722-186,humpback
722-187,humpback
722-188,humpback
722-189,humpback
725-0,calibration
725-168,flow noise
725-169,flow noise
725-170,flow noise
725-171,flow noise
725-172,flow noise-humpback
725-173,flow noise
725-174,flow noise
725-178,flow noise
725-179,flow noise
730-0,calibration
730-127,fish
730-128,fish
730-129,fish
730-130,fish
730-131,fish
731-0,calibration
731-228,humpback
731-239,humpback
734-0,calibration
734-205,humpback
734-206,humpback
734-207,humpback
734-208,humpback
734-210,humpback
734-211,humpback
734-212,humpback
734-213,humpback-mooring
734-214,humpback
734-215,humpback
736-0,calibration
736-144,flow noise-humpback
736-145,flow noise-humpback
736-146,humpback
736-147,flow noise
736-148,flow noise-humpback
736-149,flow noise-humpback
736-150,flow noise-humpback
736-151,humpback
736-152,humpback
736-153,flow noise-humpback
736-154,humpback
736-155,humpback
736-288,flow noise-humpback
736-289,flow noise-humpback
736-290,humpback
736-291,flow noise
736-292,flow noise-humpback
736-293,flow noise-humpback
736-294,flow noise
736-295,airplane
736-296,airplane
736-297,flow noise
736-298,flow noise
736-299,flow noise-humpback
74-0,calibration
74-60,humpback
74-63,humpback
74-64,humpback
74-65,humpback-mooring
74-66,humpback-mooring
74-67,humpback
74-68,humpback
74-69,humpback
74-70,humpback
74-71,humpback
748-0,calibration-flow noise
748-1,flow noise
748-2,flow noise-mooring
748-3,flow noise
748-4,flow noise
76-0,calibration
76-265,fish
76-266,fish
76-267,fish
76-275,mooring
764-0,calibration
764-180,humpback
764-181,humpback
764-184,humpback
764-188,humpback
767-0,calibration
767-162,fish
767-163,fish
767-164,fish
767-166,mooring
767-167,mooring
767-244,mooring
767-245,mooring
767-248,mooring
767-250,mooring
767-343,mooring
767-344,mooring
767-347,mooring
767-62,fish
767-63,fish
767-64,fish-mooring
767-65,mooring
77-0,calibration
77-303,airplane
77-304,airplane
77-305,airplane
774-0,calibration
774-100,humpback
774-101,humpback
774-102,humpback
774-103,humpback
774-104,humpback
774-105,humpback
774-106,humpback
774-107,humpback
774-96,humpback
774-97,humpback
774-98,humpback
774-99,humpback
775-0,calibration
775-351,flow noise
775-352,flow noise
775-353,flow noise
775-357,flow noise
775-358,flow noise
775-359,flow noise
778-0,calibration
778-25,mooring
778-26,mooring
778-28,humpback
778-34,humpback
78-0,calibration
78-180,humpback
78-181,airplane-humpback
78-182,airplane
78-183,humpback
78-184,humpback
78-185,humpback
78-186,humpback
78-187,humpback
78-188,humpback
78-189,humpback
78-190,humpback
78-191,humpback
78-24,humpback
78-25,airplane
78-26,airplane-humpback
78-27,humpback
78-28,humpback
78-29,humpback
78-30,humpback
78-31,humpback
78-32,humpback
78-33,humpback
78-34,humpback
78-35,humpback
785-0,calibration
785-148,mooring
785-150,helicopter
785-151,helicopter
785-152,helicopter-mooring
785-153,mooring
785-155,mooring
785-181,helicopter
785-182,helicopter
785-183,helicopter-mooring
785-184,mooring
785-188,mooring
785-189,mooring
785-197,helicopter
785-198,helicopter
785-199,helicopter
786-0,calibration
786-101,humpback
786-102,humpback
786-105,humpback
786-106,humpback
786-107,humpback
786-96,humpback
789-0,calibration
789-119,fish
789-13,fish
789-14,fish
789-85,fish
789-86,fish
789-87,fish
789-88,fish
789-90,fish
789-91,fish
789-92,fish
789-93,fish
789-94,fish
789-95,fish
791-0,calibration
791-163,humpback
791-167,humpback
795-0,calibration
795-193,mooring
795-194,mooring
795-198,fish
795-199,fish
795-200,fish
795-201,fish
795-202,fish-mooring
795-203,mooring
795-73,fish
795-74,fish
795-75,fish
795-77,fish
795-78,fish
795-79,fish
795-80,fish
795-81,fish
804-0,calibration
804-288,fish
804-289,fish-flow noise
804-290,flow noise
804-291,flow noise
804-292,fish-flow noise
804-293,fish
804-297,flow noise
804-298,flow noise
805-0,calibration
805-312,flow noise
805-313,flow noise
805-314,humpback
805-315,flow noise-humpback
805-316,humpback
805-322,humpback
805-323,humpback
810-0,calibration
810-122,fish
810-123,fish
810-124,fish
810-125,fish
810-126,fish
810-129,humpback
810-130,humpback
811-0,calibration
811-244,flow noise
811-245,flow noise
811-250,mooring
813-0,calibration
813-300,humpback
813-301,flow noise-humpback
813-302,humpback
813-303,flow noise-humpback
813-304,flow noise-humpback
813-305,flow noise-humpback
813-306,flow noise-humpback
813-307,flow noise-humpback
813-308,humpback
813-309,humpback
813-310,humpback
816-0,calibration
816-170,flow noise
816-171,flow noise
816-172,flow noise
816-173,flow noise
816-174,flow noise
816-175,flow noise
816-176,flow noise
816-177,mooring
816-39,flow noise
816-40,flow noise
816-41,flow noise
816-42,flow noise
816-43,flow noise-mooring
816-44,mooring
821-0,calibration
821-309,helicopter
821-310,helicopter
821-311,helicopter
828-0,calibration
828-72,mooring
828-73,flow noise-mooring
828-74,flow noise
828-76,flow noise-mooring
828-77,flow noise
828-78,flow noise
828-79,flow noise
828-80,flow noise
828-81,flow noise
828-82,flow noise
828-83,flow noise
828-85,flow noise
828-86,flow noise
828-87,flow noise
828-94,mooring
831-0,calibration
831-288,humpback
831-292,humpback
831-296,humpback
832-0,calibration
832-120,humpback
832-217,mooring
832-218,mooring
832-227,mooring
841-0,calibration
841-122,mooring
841-123,mooring
841-124,mooring
841-128,mooring
841-132,mooring
841-134,mooring
841-135,mooring
841-139,mooring
841-140,mooring
841-142,mooring
841-143,mooring
841-312,mooring
841-313,mooring
841-314,mooring
841-316,mooring
841-317,mooring
841-327,mooring
842-0,calibration
842-29,fish
842-30,fish
842-31,fish
842-32,fish
842-33,fish
842-34,fish
842-35,fish
845-0,calibration
845-120,mooring
845-121,flow noise
845-122,flow noise-mooring
845-123,flow noise
845-124,flow noise
845-125,flow noise
845-126,flow noise
845-127,flow noise
845-128,flow noise
845-129,flow noise
845-130,flow noise
845-131,flow noise
845-240,flow noise
845-241,flow noise
845-242,flow noise
845-243,flow noise
845-244,flow noise
845-245,flow noise
845-246,flow noise
845-247,flow noise
845-249,flow noise
845-250,flow noise
845-251,flow noise
849-0,calibration
849-309,mooring
85-0,calibration
85-204,flow noise
85-205,flow noise
85-206,flow noise
85-207,flow noise
85-208,flow noise
85-209,flow noise
85-210,flow noise
85-211,flow noise
85-213,flow noise
85-214,flow noise
856-0,calibration
856-195,mooring
856-196,mooring
856-197,mooring
856-198,mooring
856-199,flow noise
856-200,flow noise
856-201,mooring
859-0,calibration
859-3,mooring
859-4,mooring
859-5,mooring
859-6,mooring
859-7,mooring
859-8,mooring
860-0,calibration
860-37,mooring
860-38,mooring
860-39,humpback
860-40,humpback-mooring
860-41,mooring
860-42,mooring
860-43,mooring
862-0,calibration
862-14,flow noise
862-15,flow noise
864-0,calibration
864-3,humpback
864-9,humpback
866-0,calibration
866-252,mooring
866-255,mooring
866-256,mooring
866-258,mooring
871-0,calibration
871-132,humpback
871-133,flow noise
871-137,humpback
871-140,flow noise
871-141,flow noise
871-143,humpback
875-0,calibration
875-358,mooring
883-0,calibration
883-12,humpback
883-13,humpback
883-16,flow noise
883-17,flow noise
883-18,flow noise-humpback
883-19,flow noise
883-288,flow noise
883-289,flow noise-humpback
883-290,flow noise
883-291,flow noise
883-292,flow noise-humpback
883-293,humpback
883-294,humpback
883-295,flow noise
883-296,flow noise
883-297,humpback
883-298,flow noise-humpback
883-299,flow noise-humpback
886-0,calibration
886-228,flow noise
886-229,flow noise
886-230,flow noise
886-231,mooring
886-232,flow noise
886-233,flow noise
886-234,flow noise
886-235,flow noise-mooring
886-236,flow noise
886-237,flow noise-mooring
886-238,flow noise-mooring
886-239,flow noise-mooring
891-0,calibration
891-316,flow noise
891-317,flow noise
891-318,flow noise
891-319,flow noise
891-320,flow noise
891-321,flow noise
893-0,calibration
893-183,helicopter
893-184,helicopter
893-185,helicopter
893-186,helicopter
894-0,calibration
894-146,mooring
894-149,mooring
894-150,flow noise
894-151,flow noise
894-152,flow noise
894-153,flow noise
897-0,calibration
897-216,mooring
897-217,mooring
897-218,mooring
897-219,mooring
897-220,mooring
897-225,mooring
897-226,mooring
923-0,calibration
923-60,humpback
923-61,humpback
923-62,humpback
923-63,humpback
923-64,humpback
923-66,flow noise-humpback
923-67,flow noise-humpback
923-68,flow noise-humpback
923-69,flow noise
923-70,flow noise
923-71,flow noise
924-0,calibration
924-24,humpback
924-25,humpback
924-26,humpback
924-27,humpback
924-28,humpback
924-29,humpback
924-30,humpback
924-31,humpback
924-32,humpback
924-33,humpback
924-34,humpback
925-0,calibration
925-314,airplane
925-315,airplane
926-0,calibration
926-204,flow noise
926-205,flow noise
926-206,flow noise-humpback
926-207,flow noise-humpback
926-208,flow noise-humpback
926-209,flow noise-humpback
926-210,flow noise
926-211,flow noise
926-212,flow noise
926-213,flow noise
926-214,flow noise
926-215,flow noise
926-24,flow noise
926-25,flow noise
926-26,flow noise-humpback
926-27,flow noise
926-28,flow noise
926-29,flow noise
926-30,flow noise
926-300,flow noise
926-301,flow noise-humpback
926-302,flow noise-humpback
926-303,flow noise
926-304,flow noise
926-305,flow noise
926-306,flow noise
926-307,flow noise-humpback
926-308,flow noise-humpback
926-309,flow noise
926-31,humpback
926-310,flow noise
926-311,flow noise
926-34,flow noise
926-35,flow noise
926-36,flow noise
926-37,flow noise
926-38,flow noise
926-39,flow noise
926-40,flow noise
926-43,flow noise
926-44,flow noise
926-45,flow noise
926-46,flow noise
93-0,calibration
93-146,flow noise
93-147,flow noise
93-152,mooring
932-0,calibration
932-312,fish-humpback
932-313,fish-humpback
932-314,fish-humpback
932-315,fish-humpback
932-316,humpback
932-317,humpback
932-318,humpback
932-319,humpback
932-320,humpback
932-321,fish-humpback
932-322,fish-humpback
935-0,calibration
935-55,fish
935-56,fish
935-57,fish-humpback
935-58,humpback
943-0,calibration
943-156,flow noise
943-157,flow noise-humpback
943-158,humpback
943-159,flow noise-humpback
943-160,flow noise
943-161,flow noise
943-162,flow noise
947-0,calibration
947-252,humpback
947-253,humpback
947-254,humpback
947-255,humpback
947-256,humpback
947-257,humpback
947-258,humpback
947-259,humpback
947-260,humpback
947-261,humpback
947-262,humpback
947-263,humpback
951-0,calibration
951-84,flow noise-humpback
951-85,flow noise-humpback
951-86,flow noise-humpback
951-87,flow noise-humpback
951-88,flow noise-humpback
951-89,flow noise-humpback
951-90,flow noise-humpback
951-91,flow noise-humpback
951-92,flow noise-humpback
951-93,humpback
951-94,flow noise-humpback
957-0,calibration
957-324,flow noise-humpback
957-325,flow noise-humpback-mooring
957-326,flow noise-humpback
957-328,humpback
957-329,humpback
957-330,humpback
957-332,humpback
957-333,flow noise-humpback
957-334,flow noise-humpback
957-335,humpback
965-0,calibration
965-100,humpback
965-101,humpback
965-102,humpback
965-103,humpback
965-105,humpback
965-106,humpback
965-107,humpback
965-96,humpback
965-97,humpback
965-99,humpback
968-0,calibration
968-336,humpback
968-337,humpback
968-338,humpback
968-339,humpback
968-340,humpback
968-341,humpback
968-342,humpback
968-343,humpback
968-344,airplane
968-345,airplane-humpback
968-346,airplane-humpback
968-347,airplane
97-0,calibration
97-100,fish
97-101,fish
97-104,flow noise
97-105,fish-flow noise
97-106,fish-flow noise
97-107,flow noise
975-0,calibration
975-228,humpback-mooring
975-229,humpback
975-230,humpback
975-231,humpback
975-232,humpback
975-233,humpback-mooring
975-234,humpback-mooring
975-235,humpback
975-236,humpback
975-237,humpback
975-238,humpback
975-239,humpback
980-0,calibration
980-100,flow noise
980-101,flow noise
980-102,flow noise
980-103,flow noise
980-104,flow noise
980-105,flow noise
980-264,flow noise
980-265,flow noise
980-266,flow noise
980-267,flow noise
980-268,flow noise
980-269,flow noise
980-270,flow noise
980-272,flow noise
980-273,flow noise
980-274,flow noise
980-275,flow noise
980-348,flow noise
980-349,flow noise
980-350,flow noise
980-351,flow noise
980-352,flow noise
980-353,flow noise
980-354,flow noise
980-355,flow noise
980-356,flow noise
980-357,flow noise
980-358,flow noise
980-359,flow noise
980-96,flow noise
980-97,flow noise
980-98,flow noise
980-99,flow noise
982-0,calibration
982-132,flow noise
982-133,flow noise-humpback
982-134,flow noise-humpback
982-135,flow noise
982-138,flow noise
982-139,flow noise
982-140,flow noise
982-141,flow noise
982-142,flow noise
982-143,flow noise
982-276,flow noise
982-282,flow noise
982-283,flow noise
982-285,flow noise-humpback
982-286,flow noise-humpback
982-287,flow noise
986-0,calibration
986-120,humpback
986-121,humpback
986-122,humpback-mooring
986-123,humpback-mooring
986-124,humpback-mooring
986-125,humpback
986-126,humpback
986-127,humpback
986-128,humpback
986-129,humpback
986-130,humpback
986-131,humpback
993-0,calibration
993-109,humpback
993-114,humpback
993-115,humpback
993-119,humpback
